Date,TeamName,ScoreOff,RushAttOff,RushYdsOff,PassAttOff,PassCompOff,PassYdsOff,PassIntOff,FumblesOff,Opponent,ScoreDef,RushAttDef,RushYdsDef,PassAttDef,PassCompDef,PassYdsDef,PassIntDef,FumblesDef,Site,Line
08/27/2014,Georgia State,38,33,153,49,31,413,2,1,Abilene Christian,37,36,95,40,30,403,1,0,H,
08/28/2014,Akron,41,29,117,43,27,396,0,0,Howard,0,51,148,26,12,68,0,1,H,
08/28/2014,Arizona State,45,45,267,39,24,303,0,0,Weber State,14,32,152,29,14,156,0,0,H,
08/28/2014,Boise State,13,37,135,48,36,264,4,0,Mississippi,35,34,71,36,25,387,3,0,N,-10
08/28/2014,Central Michigan,20,46,150,26,15,173,0,1,Chattanooga,16,29,106,24,13,150,4,0,H,
08/28/2014,Minnesota,42,40,182,18,10,156,0,1,Eastern Illinois,20,39,99,57,32,310,1,2,H,
08/28/2014,Mississippi,35,34,71,36,25,387,3,0,Boise State,13,37,135,48,36,264,4,0,N,10
08/28/2014,New Mexico State,28,47,197,27,18,118,1,0,Cal-San Luis Obispo,10,49,259,7,2,6,1,1,H,
08/28/2014,Northern Illinois,55,77,424,32,19,211,0,0,Presbyterian,3,31,69,18,10,58,1,2,H,
08/28/2014,Rutgers,41,43,215,27,16,281,1,0,Washington State,38,14,6,56,40,532,1,1,N,-7.5
08/28/2014,San Jose State,42,40,150,26,23,256,0,0,North Dakota,10,32,118,20,14,126,1,1,H,
08/28/2014,South Carolina,28,22,67,40,20,366,1,0,Texas A+M,52,39,169,60,44,511,0,0,H,9
08/28/2014,Temple,37,45,144,36,23,207,0,2,Vanderbilt,7,29,54,34,16,224,3,4,V,-8.5
08/28/2014,Texas A+M,52,39,169,60,44,511,0,0,South Carolina,28,22,67,40,20,366,1,0,V,-9
08/28/2014,Tulane,31,30,254,44,22,262,1,1,Tulsa,38,36,154,53,31,438,2,0,V,-5
08/28/2014,Tulsa,38,36,154,53,31,438,2,0,Tulane,31,30,254,44,22,262,1,1,H,5
08/28/2014,UL-Monroe,17,44,163,41,23,189,0,1,Wake Forest,10,27,-3,22,12,97,1,0,H,1.5
08/28/2014,Utah,56,46,238,32,22,351,0,1,Idaho State,14,44,179,40,21,158,0,0,H,
08/28/2014,Vanderbilt,7,29,54,34,16,224,3,4,Temple,37,45,144,36,23,207,0,2,H,8.5
08/28/2014,Wake Forest,10,27,-3,22,12,97,1,0,UL-Monroe,17,44,163,41,23,189,0,1,V,-1.5
08/28/2014,Washington State,38,14,6,56,40,532,1,1,Rutgers,41,43,215,27,16,281,1,0,N,7.5
08/29/2014,Arizona,58,48,353,46,26,434,0,0,Nevada-Las Vegas,13,31,119,41,22,252,1,0,H,20.5
08/29/2014,Bowling Green,31,35,151,36,25,314,0,0,Western Kentucky,59,41,133,56,46,569,0,0,V,7
08/29/2014,Brigham Young,35,37,205,36,28,308,0,2,Connecticut,10,31,71,48,25,284,1,1,V,14.5
08/29/2014,Colorado,17,34,134,39,24,241,0,0,Colorado State,31,45,266,23,13,134,0,1,N,2.5
08/29/2014,Colorado State,31,45,266,23,13,134,0,1,Colorado,17,34,134,39,24,241,0,0,N,-2.5
08/29/2014,Connecticut,10,31,71,48,25,284,1,1,Brigham Young,35,37,205,36,28,308,0,2,H,-14.5
08/29/2014,Houston,7,23,-26,50,25,234,4,2,Texas-San Antonio,27,50,142,24,15,121,0,1,H,8
08/29/2014,Michigan State,45,50,211,24,18,354,0,0,Jacksonville St,7,25,22,37,18,222,3,0,H,
08/29/2014,Nevada-Las Vegas,13,31,119,41,22,252,1,0,Arizona,58,48,353,46,26,434,0,0,V,-20.5
08/29/2014,Syracuse,27,34,136,35,22,184,0,0,Villanova,26,60,190,27,16,199,0,0,H,
08/29/2014,Texas-San Antonio,27,50,142,24,15,121,0,1,Houston,7,23,-26,50,25,234,4,2,V,-8
08/29/2014,Western Kentucky,59,41,133,56,46,569,0,0,Bowling Green,31,35,151,36,25,314,0,0,H,-7
08/30/2014,Air Force,44,73,539,6,3,19,0,0,Nicholls State,16,30,63,31,18,200,0,0,H,
08/30/2014,Alabama,33,49,288,33,24,250,1,0,West Virginia,23,24,28,45,29,365,0,0,N,22
08/30/2014,Appalachian State,14,36,153,33,17,127,0,0,Michigan,52,36,350,19,16,210,1,0,V,-29.5
08/30/2014,Arkansas,21,29,153,31,18,175,1,0,Auburn,45,48,302,22,16,293,0,1,V,-17
08/30/2014,Arkansas State,37,48,294,30,20,264,0,2,Montana State,10,44,86,26,14,142,2,0,H,
08/30/2014,Auburn,45,48,302,22,16,293,0,1,Arkansas,21,29,153,31,18,175,1,0,H,17
08/30/2014,Ball State,30,53,311,32,20,203,1,0,Colgate,10,28,90,26,14,137,0,0,H,
08/30/2014,Boston College,30,61,338,25,17,173,1,0,Massachusetts,7,22,55,22,9,147,1,0,V,17
08/30/2014,Buffalo,38,49,174,36,25,298,1,1,Duquesne,28,33,51,37,18,322,0,1,H,
08/30/2014,California,31,45,114,39,23,300,2,0,Northwestern,24,36,108,44,24,246,2,0,V,-8.5
08/30/2014,Clemson,21,44,102,32,17,189,1,0,Georgia,45,41,328,26,18,131,0,1,V,-10.5
08/30/2014,Duke,52,44,275,42,28,292,0,0,Elon,13,31,138,38,19,190,0,0,H,
08/30/2014,East Carolina,52,28,208,46,33,374,1,1,No Carolina Central,7,31,70,22,13,104,0,1,H,
08/30/2014,Eastern Michigan,31,56,292,30,18,99,0,0,Morgan State,28,41,210,28,18,269,0,1,H,
08/30/2014,Florida Atlantic,7,30,105,30,11,95,0,0,Nebraska,55,57,498,35,17,286,0,0,V,-21
08/30/2014,Florida Intl,12,32,43,33,16,143,0,0,Bethune-Cookman,14,43,90,17,8,149,0,0,H,
08/30/2014,Florida State,37,31,106,40,25,370,2,0,Oklahoma State,31,42,161,28,15,203,1,1,N,19
08/30/2014,Fresno State,13,33,157,36,18,160,4,0,Southern Cal,52,64,277,41,28,424,0,2,V,-18.5
08/30/2014,Georgia,45,41,328,26,18,131,0,1,Clemson,21,44,102,32,17,189,1,0,H,10.5
08/30/2014,Georgia Southern,23,47,246,17,10,192,0,1,No Carolina State,24,35,173,40,28,291,1,0,V,-20.5
08/30/2014,Georgia Tech,38,43,226,16,11,282,0,0,Wofford,19,47,271,13,7,55,0,0,H,
08/30/2014,Hawaii,16,54,217,43,23,207,0,0,Washington,17,48,174,26,10,162,0,0,H,-17
08/30/2014,Illinois,28,22,78,38,24,285,0,1,Youngstown State,17,59,203,24,11,177,0,0,H,
08/30/2014,Indiana,28,69,455,18,11,111,1,1,Indiana State,10,24,30,33,17,140,0,0,H,
08/30/2014,Iowa,31,36,151,41,31,250,0,1,Northern Iowa,23,25,25,37,17,380,2,0,H,
08/30/2014,Iowa State,14,26,102,31,20,151,2,0,North Dakota St,34,43,299,28,18,204,0,0,H,
08/30/2014,Kansas State,55,51,240,30,20,238,1,0,Stephen F Austin,16,21,69,39,24,225,0,1,H,
08/30/2014,Kent State,14,22,31,41,30,264,0,0,Ohio,17,44,175,24,18,262,0,4,H,3
08/30/2014,Kentucky,59,28,234,33,22,422,0,0,Tennessee-Martin,14,47,183,34,23,215,2,3,H,
08/30/2014,Louisiana State,28,47,126,21,9,239,0,1,Wisconsin,24,39,268,24,8,50,2,0,N,3
08/30/2014,Louisiana Tech,16,29,54,36,22,191,1,0,Oklahoma,48,40,183,34,19,253,1,1,V,-34
08/30/2014,Marshall,42,36,171,32,20,261,0,1,Miami-Ohio,27,36,100,49,24,318,1,0,V,24
08/30/2014,Maryland,52,50,285,35,18,186,1,0,James Madison,7,44,161,37,16,141,2,1,H,
08/30/2014,Massachusetts,7,22,55,22,9,147,1,0,Boston College,30,61,338,25,17,173,1,0,H,-17
08/30/2014,Memphis,63,55,303,27,20,242,1,1,Austin Peay,0,34,116,16,6,30,1,1,H,
08/30/2014,Miami-Ohio,27,36,100,49,24,318,1,0,Marshall,42,36,171,32,20,261,0,1,H,-24
08/30/2014,Michigan,52,36,350,19,16,210,1,0,Appalachian State,14,36,153,33,17,127,0,0,H,29.5
08/30/2014,Middle Tennessee,61,46,228,20,17,291,1,2,Savannah State,7,35,145,31,15,84,1,2,H,
08/30/2014,Mississippi State,49,44,201,34,23,349,1,1,Southern Miss,0,33,71,42,20,212,2,1,H,31
08/30/2014,Missouri,38,39,215,21,13,178,0,0,South Dakota State,18,32,119,32,23,246,2,1,H,
08/30/2014,Navy,17,63,370,4,2,20,0,1,Ohio State,34,40,194,15,12,226,1,0,N,-13
08/30/2014,Nebraska,55,57,498,35,17,286,0,0,Florida Atlantic,7,30,105,30,11,95,0,0,H,21
08/30/2014,Nevada-Reno,28,55,244,41,30,303,1,1,Southern Utah,19,22,156,42,25,224,1,1,H,
08/30/2014,New Mexico,24,52,410,9,5,67,1,2,UTEP,31,44,330,22,11,116,0,0,H,9
08/30/2014,No Carolina State,24,35,173,40,28,291,1,0,Georgia Southern,23,47,246,17,10,192,0,1,H,20.5
08/30/2014,North Carolina,56,48,208,45,29,235,3,1,Liberty,29,41,157,33,16,189,2,4,H,
08/30/2014,North Texas,7,43,79,17,3,15,4,0,Texas,38,40,163,34,19,190,0,2,V,-21.5
08/30/2014,Northwestern,24,36,108,44,24,246,2,0,California,31,45,114,39,23,300,2,0,H,8.5
08/30/2014,Notre Dame,48,42,281,22,14,295,0,0,Rice,17,40,141,26,15,226,1,1,H,20.5
08/30/2014,Ohio,17,44,175,24,18,262,0,4,Kent State,14,22,31,41,30,264,0,0,V,-3
08/30/2014,Ohio State,34,40,194,15,12,226,1,0,Navy,17,63,370,4,2,20,0,1,N,13
08/30/2014,Oklahoma,48,40,183,34,19,253,1,1,Louisiana Tech,16,29,54,36,22,191,1,0,H,34
08/30/2014,Oklahoma State,31,42,161,28,15,203,1,1,Florida State,37,31,106,40,25,370,2,0,N,-19
08/30/2014,Old Dominion,,,,,,,,,Hampton,,,,,,,,,H,
08/30/2014,Oregon,62,38,293,32,25,380,0,1,South Dakota,13,39,172,34,18,198,0,1,H,
08/30/2014,Oregon State,29,37,176,45,26,328,0,1,Portland State,14,24,131,27,10,83,2,3,H,
08/30/2014,Penn State,26,28,57,47,32,454,2,1,U-C-F,24,29,24,22,12,222,0,1,N,-2.5
08/30/2014,Pittsburgh,62,56,409,14,11,92,0,1,Delaware,0,30,26,16,9,31,3,0,H,
08/30/2014,Purdue,43,39,226,38,19,181,0,0,Western Michigan,34,32,213,41,23,243,1,0,H,7
08/30/2014,Rice,17,40,141,26,15,226,1,1,Notre Dame,48,42,281,22,14,295,0,0,V,-20.5
08/30/2014,San Diego State,38,37,194,29,18,205,1,0,Northern Arizona,7,36,124,28,15,188,1,0,H,
08/30/2014,South Florida,36,33,294,27,10,191,1,1,Western Carolina,31,29,80,67,46,374,1,1,H,
08/30/2014,Southern Cal,52,64,277,41,28,424,0,2,Fresno State,13,33,157,36,18,160,4,0,H,18.5
08/30/2014,Southern Miss,0,33,71,42,20,212,2,1,Mississippi State,49,44,201,34,23,349,1,1,V,-31
08/30/2014,Stanford,45,32,149,30,21,312,1,2,UC-Davis,0,27,61,22,12,54,2,1,H,
08/30/2014,Texas,38,40,163,34,19,190,0,2,North Texas,7,43,79,17,3,15,4,0,H,21.5
08/30/2014,Texas Christian,48,46,200,50,33,355,1,1,Samford,14,47,87,20,10,56,1,1,H,
08/30/2014,Texas State,65,50,378,30,25,319,0,1,Arkansas-Pine Bluff,0,39,127,21,9,88,0,2,H,
08/30/2014,Texas Tech,42,36,184,53,39,452,2,0,Central Arkansas,35,54,178,40,24,228,0,0,H,
08/30/2014,Toledo,54,45,306,35,25,360,0,0,New Hampshire,20,31,37,45,31,338,1,0,H,
08/30/2014,Troy,10,37,71,31,21,201,0,1,U-A-B,48,55,339,19,12,150,1,1,V,2
08/30/2014,U-A-B,48,55,339,19,12,150,1,1,Troy,10,37,71,31,21,201,0,1,H,-2
08/30/2014,U-C-F,24,29,24,22,12,222,0,1,Penn State,26,28,57,47,32,454,2,1,N,2.5
08/30/2014,U.C.L.A.,28,39,116,34,20,242,0,2,Virginia,20,39,120,45,29,266,2,1,V,18.5
08/30/2014,UL-Lafayette,45,41,248,36,24,264,2,0,Southern Univ,6,32,77,40,20,202,0,0,H,
08/30/2014,UTEP,31,44,330,22,11,116,0,0,New Mexico,24,52,410,9,5,67,1,2,V,-9
08/30/2014,Virginia,20,39,120,45,29,266,2,1,U.C.L.A.,28,39,116,34,20,242,0,2,H,-18.5
08/30/2014,Virginia Tech,34,42,222,31,24,266,1,1,William + Mary,9,28,76,23,9,117,0,2,H,
08/30/2014,Washington,17,48,174,26,10,162,0,0,Hawaii,16,54,217,43,23,207,0,0,V,17
08/30/2014,West Virginia,23,24,28,45,29,365,0,0,Alabama,33,49,288,33,24,250,1,0,N,-22
08/30/2014,Western Michigan,34,32,213,41,23,243,1,0,Purdue,43,39,226,38,19,181,0,0,V,-7
08/30/2014,Wisconsin,24,39,268,24,8,50,2,0,Louisiana State,28,47,126,21,9,239,0,1,N,-3
08/30/2014,Wyoming,17,46,209,21,13,92,1,1,Montana,12,19,42,46,25,211,0,0,H,
08/31/2014,Baylor,45,50,261,47,27,313,0,1,S-M-U,0,25,-24,39,21,91,0,2,H,33
08/31/2014,S-M-U,0,25,-24,39,21,91,0,2,Baylor,45,50,261,47,27,313,0,1,V,-33
08/31/2014,Tennessee,38,39,110,40,28,273,0,0,Utah State,7,24,100,35,18,144,0,1,H,4
08/31/2014,Utah State,7,24,100,35,18,144,0,1,Tennessee,38,39,110,40,28,273,0,0,V,-4
09/01/2014,Louisville,31,43,130,28,20,206,0,2,Miami-Florida,13,27,70,29,17,174,0,1,H,4.5
09/01/2014,Miami-Florida,13,27,70,29,17,174,0,2,Louisville,31,43,130,28,20,206,0,1,V,-4.5
09/04/2014,Arizona,26,44,223,32,17,231,0,0,Texas-San Antonio,23,39,121,33,22,228,1,0,V,7
09/04/2014,Texas-San Antonio,23,39,121,33,22,228,1,0,Arizona,26,44,223,32,17,231,0,0,H,-7
09/05/2014,Boston College,20,34,142,28,10,134,2,0,Pittsburgh,30,50,302,20,10,111,1,0,H,-5
09/05/2014,Nevada-Reno,24,56,214,21,12,110,0,0,Washington State,13,18,38,57,38,389,2,0,H,-3
09/05/2014,Pittsburgh,30,50,302,20,10,111,1,0,Boston College,20,35,149,28,10,134,2,0,V,5
09/05/2014,Washington State,13,18,38,57,38,389,2,0,Nevada-Reno,24,56,214,21,12,110,0,0,V,3
09/06/2014,Air Force,13,52,151,32,17,226,0,2,Wyoming,17,26,51,37,23,282,0,0,V,1.5
09/06/2014,Akron,3,24,65,47,25,212,0,0,Penn State,21,31,106,37,22,319,2,1,V,-14
09/06/2014,Alabama,41,33,204,37,26,416,0,1,Florida Atlantic,0,24,57,19,12,88,0,1,H,41
09/06/2014,Appalachian State,66,47,293,29,16,245,1,0,Campbell,0,30,56,23,9,39,3,1,H,
09/06/2014,Arizona State,58,48,423,21,12,198,0,1,New Mexico,23,57,207,11,7,130,0,3,V,24
09/06/2014,Arkansas,73,40,495,14,8,189,1,0,Nicholls State,7,28,34,43,21,208,1,0,H,
09/06/2014,Arkansas State,19,42,141,36,22,190,0,1,Tennessee,34,45,168,38,22,247,1,0,V,-16
09/06/2014,Army,47,54,341,7,7,125,0,2,Buffalo,39,29,153,50,34,396,3,0,H,3
09/06/2014,Auburn,59,50,358,23,13,135,0,2,San Jose State,13,45,65,32,19,254,3,0,H,33.5
09/06/2014,Ball State,13,36,90,30,15,129,0,1,Iowa,17,29,113,55,35,342,0,2,V,-17.5
09/06/2014,Baylor,70,50,265,28,19,455,1,2,Northwestern St(LA),6,41,78,20,8,124,2,0,H,
09/06/2014,Boise State,37,56,324,33,22,352,1,0,Colorado State,24,23,28,58,31,434,2,1,H,7.5
09/06/2014,Bowling Green,48,37,261,34,25,265,1,1,Virginia Military,7,34,103,55,30,321,1,2,H,
09/06/2014,Brigham Young,41,59,248,27,18,181,1,1,Texas,7,35,82,31,20,176,1,3,V,-1
09/06/2014,Buffalo,39,29,153,50,34,396,3,0,Army,47,54,341,7,7,125,0,2,V,-3
09/06/2014,California,55,47,253,29,21,326,0,1,Sacramento State,14,25,118,42,20,184,1,1,H,
09/06/2014,Central Michigan,38,43,161,16,11,172,1,0,Purdue,17,34,122,49,24,204,2,1,V,-3
09/06/2014,Clemson,73,50,254,43,33,481,0,1,So Carolina State,7,28,7,25,12,37,1,0,H,
09/06/2014,Colorado,41,47,156,42,26,318,1,0,Massachusetts,38,30,104,38,20,267,1,0,V,18
09/06/2014,Colorado State,24,23,28,58,31,434,2,1,Boise State,37,56,324,33,22,352,1,0,V,-7.5
09/06/2014,Connecticut,19,37,81,27,12,142,0,2,Stony Brook,16,37,104,29,12,196,0,0,H,
09/06/2014,Duke,34,41,182,42,28,270,0,0,Troy,17,43,158,34,22,238,0,0,V,17
09/06/2014,East Carolina,23,21,132,46,32,321,2,0,South Carolina,33,38,175,38,25,266,1,0,V,-15
09/06/2014,Eastern Michigan,0,34,80,21,9,45,1,4,Florida,65,39,243,47,33,412,0,0,V,-41
09/06/2014,Florida,65,39,259,47,33,396,0,0,Eastern Michigan,0,34,80,21,9,45,1,4,H,41
09/06/2014,Florida Atlantic,0,24,57,19,12,88,0,1,Alabama,41,33,204,37,26,416,0,1,V,-41
09/06/2014,Florida Intl,34,34,148,33,23,229,0,3,Wagner,3,36,92,23,11,120,2,4,H,
09/06/2014,Florida State,37,35,210,32,25,284,0,0,The Citadel,12,56,250,14,5,72,0,0,H,
09/06/2014,Fresno State,27,40,55,40,24,283,0,1,Utah,59,54,258,27,15,268,0,0,V,-14
09/06/2014,Georgia Southern,83,53,599,5,4,96,0,0,Savannah State,9,34,87,39,21,208,1,2,H,
09/06/2014,Georgia State,31,39,162,37,21,294,2,2,New Mexico State,34,41,194,44,25,241,1,2,H,3
09/06/2014,Georgia Tech,38,57,344,8,3,15,1,2,Tulane,21,25,96,35,17,231,3,0,V,10
09/06/2014,Hawaii,30,33,100,51,20,236,1,1,Oregon State,38,36,164,37,26,300,1,1,H,-9.5
09/06/2014,Houston,47,40,275,26,15,202,0,2,Grambling,0,39,63,27,13,175,3,3,H,
09/06/2014,Idaho,31,36,118,47,26,324,2,1,UL-Monroe,38,37,150,45,24,384,1,0,V,-13
09/06/2014,Illinois,42,35,64,50,35,456,1,2,Western Kentucky,34,30,103,48,28,297,1,2,H,3.5
09/06/2014,Iowa,17,29,113,55,35,342,0,2,Ball State,13,36,90,30,15,129,0,1,H,17.5
09/06/2014,Iowa State,28,37,105,33,22,214,1,0,Kansas State,32,42,235,29,16,239,0,0,H,-12.5
09/06/2014,Kansas,34,49,261,24,12,196,0,0,S E Missouri St,28,36,124,28,13,297,3,0,H,
09/06/2014,Kansas State,32,41,232,29,16,239,0,0,Iowa State,28,37,105,33,22,214,1,0,V,12.5
09/06/2014,Kent State,13,28,64,40,17,213,1,0,South Alabama,23,50,186,25,15,161,0,0,H,-2
09/06/2014,Kentucky,20,52,232,31,17,170,0,0,Ohio,3,28,74,32,14,149,0,1,H,13.5
09/06/2014,Louisiana State,56,58,334,18,11,250,0,1,Sam Houston State,0,36,50,28,9,156,2,1,H,
09/06/2014,Louisiana Tech,48,35,238,33,22,295,0,0,UL-Lafayette,20,34,178,44,29,237,1,2,V,-16
09/06/2014,Louisville,66,49,325,39,25,278,0,0,Murray State,21,19,41,38,21,251,3,0,H,
09/06/2014,Marshall,48,46,432,35,18,292,0,3,Rhode Island,7,39,64,28,17,111,1,1,H,
09/06/2014,Maryland,24,40,116,28,17,201,2,4,South Florida,17,37,83,37,15,174,1,0,V,12
09/06/2014,Massachusetts,38,30,104,38,20,267,1,0,Colorado,41,47,156,42,26,318,1,0,H,-18
09/06/2014,Memphis,35,39,164,42,27,305,0,0,U.C.L.A.,42,41,144,44,33,396,1,0,V,-21.5
09/06/2014,Miami-Florida,41,33,198,30,17,218,4,0,Florida A+M,7,33,25,17,6,89,0,3,H,
09/06/2014,Miami-Ohio,10,38,60,52,25,359,3,3,Eastern Kentucky,17,32,82,28,14,198,1,1,H,
09/06/2014,Michigan,0,35,100,32,19,189,3,1,Notre Dame,31,31,54,34,23,226,0,0,V,-3.5
09/06/2014,Michigan State,27,36,133,47,29,343,2,0,Oregon,46,40,183,28,17,318,0,0,V,-12
09/06/2014,Middle Tennessee,24,43,190,38,22,255,3,0,Minnesota,35,50,284,11,5,67,1,0,V,-14
09/06/2014,Minnesota,35,50,284,11,5,67,1,0,Middle Tennessee,24,43,190,38,22,255,3,0,H,14
09/06/2014,Mississippi,41,50,180,38,28,367,0,1,Vanderbilt,3,25,107,25,6,60,1,0,V,19.5
09/06/2014,Mississippi State,47,57,292,31,14,224,1,0,U-A-B,34,43,113,34,16,435,1,0,H,28
09/06/2014,Missouri,49,47,177,33,21,325,2,0,Toledo,24,31,152,44,23,256,1,1,V,3.5
09/06/2014,Navy,31,63,487,8,4,30,0,3,Temple,24,34,156,50,29,240,1,1,V,3
09/06/2014,Nebraska,31,33,195,31,16,242,1,0,McNeese State,24,45,178,26,12,160,1,0,H,
09/06/2014,Nevada-Las Vegas,13,48,211,20,11,121,4,0,Northern Colorado,12,40,138,21,16,189,1,0,H,
09/06/2014,New Mexico,23,57,207,11,7,130,0,3,Arizona State,58,48,423,21,12,198,0,1,H,-24
09/06/2014,New Mexico State,34,41,194,44,25,281,1,2,Georgia State,31,39,162,37,21,294,2,2,V,-3
09/06/2014,No Carolina State,46,39,242,29,21,253,0,0,Old Dominion,34,37,196,50,36,308,1,0,H,16.5
09/06/2014,North Carolina,31,33,131,31,21,263,1,0,San Diego State,27,35,168,39,23,341,3,0,H,15.5
09/06/2014,North Texas,43,55,245,17,12,108,0,0,S-M-U,6,14,8,45,24,266,2,3,H,3
09/06/2014,Northern Illinois,23,55,221,23,13,180,0,0,Northwestern,15,37,72,43,28,322,1,0,V,-7
09/06/2014,Northwestern,15,37,72,44,28,322,1,0,Northern Illinois,23,55,221,23,13,180,0,0,H,7
09/06/2014,Notre Dame,31,31,54,34,23,226,0,0,Michigan,0,35,100,32,19,189,3,1,H,3.5
09/06/2014,Ohio,3,28,74,32,14,149,0,1,Kentucky,20,52,232,31,17,170,0,0,V,-13.5
09/06/2014,Ohio State,21,40,108,29,9,219,3,0,Virginia Tech,35,40,121,36,23,199,2,1,H,10.5
09/06/2014,Oklahoma,52,31,261,38,24,319,0,0,Tulsa,7,34,94,50,27,234,3,1,V,25
09/06/2014,Oklahoma State,40,35,206,35,21,274,0,0,Missouri State,23,41,155,24,16,219,0,0,H,
09/06/2014,Old Dominion,34,73,384,90,65,589,3,0,No Carolina State,46,65,251,75,53,660,1,3,V,-16.5
09/06/2014,Oregon,46,40,173,28,17,318,0,0,Michigan State,27,36,123,47,29,343,2,0,H,12
09/06/2014,Oregon State,38,36,164,37,26,300,1,1,Hawaii,30,33,100,51,20,236,1,1,V,9.5
09/06/2014,Penn State,21,31,106,37,22,319,2,1,Akron,3,25,69,46,24,208,0,0,H,14
09/06/2014,Purdue,17,34,122,49,24,204,2,1,Central Michigan,38,43,161,16,11,172,1,0,H,3
09/06/2014,Rutgers,38,38,109,22,16,288,0,1,Howard,25,42,269,29,14,168,1,1,H,
09/06/2014,S-M-U,6,14,8,46,24,266,3,3,North Texas,43,55,245,17,12,108,1,0,V,-3
09/06/2014,San Diego State,27,35,168,39,23,341,3,0,North Carolina,31,33,131,31,21,263,1,0,V,-15.5
09/06/2014,San Jose State,13,45,65,32,19,254,3,0,Auburn,59,50,358,23,13,135,0,2,V,-33.5
09/06/2014,South Alabama,23,50,186,25,15,161,0,0,Kent State,13,28,64,40,17,213,1,0,V,2
09/06/2014,South Carolina,33,38,175,38,25,266,1,0,East Carolina,23,21,132,46,32,321,2,0,H,15
09/06/2014,South Florida,17,37,83,37,15,174,1,0,Maryland,24,40,116,28,17,201,2,4,H,-12
09/06/2014,Southern Cal,13,37,156,22,15,135,0,0,Stanford,10,38,128,30,22,285,0,2,V,-3
09/06/2014,Southern Miss,26,42,207,33,21,208,0,0,Alcorn State,20,32,295,27,15,98,2,2,H,
09/06/2014,Stanford,10,38,128,30,22,285,0,2,Southern Cal,13,37,156,22,15,135,0,0,H,3
09/06/2014,Temple,24,34,156,50,29,240,1,1,Navy,31,63,487,8,4,30,0,3,H,-3
09/06/2014,Tennessee,34,45,168,38,22,247,1,0,Arkansas State,19,42,141,36,22,190,2,1,H,16
09/06/2014,Texas,7,35,82,31,20,176,1,3,Brigham Young,41,59,248,27,18,181,1,1,H,1
09/06/2014,Texas A+M,73,36,225,42,29,405,1,2,Lamar,3,38,90,42,16,153,1,1,H,
09/06/2014,Texas Tech,30,28,226,31,17,278,0,1,UTEP,26,52,271,26,9,116,0,0,V,21
09/06/2014,Toledo,24,31,152,44,23,256,1,1,Missouri,49,47,177,33,21,325,2,0,H,-3.5
09/06/2014,Troy,17,42,158,34,22,238,0,0,Duke,34,41,181,43,29,272,0,0,H,-17
09/06/2014,Tulane,21,25,96,35,17,231,3,0,Georgia Tech,38,57,344,8,3,15,1,2,H,-10
09/06/2014,Tulsa,7,34,94,50,27,234,3,1,Oklahoma,52,31,261,38,24,319,0,0,H,-25
09/06/2014,U-A-B,34,43,112,35,17,437,1,0,Mississippi State,47,56,292,31,14,224,1,0,V,-28
09/06/2014,U.C.L.A.,42,41,144,44,33,396,1,0,Memphis,35,39,164,42,27,305,0,0,H,21.5
09/06/2014,UL-Lafayette,20,34,178,44,29,237,1,2,Louisiana Tech,48,35,238,33,22,295,0,0,H,16
09/06/2014,UL-Monroe,38,37,150,45,24,384,1,0,Idaho,31,36,118,47,26,324,2,1,H,13
09/06/2014,UTEP,26,52,271,26,9,116,0,0,Texas Tech,30,28,226,31,17,278,0,1,H,-21
09/06/2014,Utah,59,54,258,27,15,268,0,0,Fresno State,27,40,55,40,24,283,0,1,H,14
09/06/2014,Utah State,40,45,311,30,13,116,3,1,Idaho State,20,32,101,47,23,307,3,1,H,
09/06/2014,Vanderbilt,3,25,107,25,6,60,1,0,Mississippi,41,50,180,38,28,367,0,1,H,-19.5
09/06/2014,Virginia,45,40,157,23,18,173,1,1,Richmond,13,31,69,47,29,363,3,4,H,
09/06/2014,Virginia Tech,35,40,121,36,23,199,2,1,Ohio State,21,40,108,29,9,219,3,0,V,-10.5
09/06/2014,Wake Forest,23,36,96,39,30,291,3,0,Gardner-Webb,7,32,77,16,9,54,1,0,H,
09/06/2014,Washington,59,57,356,24,14,180,0,0,Eastern Washington,52,36,98,46,31,475,0,2,H,
09/06/2014,West Virginia,54,52,251,44,38,355,0,1,Towson,0,29,42,24,8,80,0,0,H,
09/06/2014,Western Kentucky,34,29,109,48,28,297,1,2,Illinois,42,35,65,50,35,455,1,2,V,-3.5
09/06/2014,Wisconsin,37,39,167,29,24,289,1,0,Western Illinois,3,30,54,21,13,108,1,1,H,
09/06/2014,Wyoming,17,26,51,37,23,282,0,0,Air Force,13,52,151,32,17,226,0,2,H,-1.5
09/11/2014,Brigham Young,,,,,,,,,Houston,,,,,,,,,H,
09/11/2014,Houston,,,,,,,,,Brigham Young,,,,,,,,,V,
09/11/2014,Louisiana Tech,,,,,,,,,North Texas,,,,,,,,,V,
09/11/2014,North Texas,,,,,,,,,Louisiana Tech,,,,,,,,,H,
09/12/2014,Baylor,,,,,,,,,Buffalo,,,,,,,,,V,
09/12/2014,Buffalo,,,,,,,,,Baylor,,,,,,,,,H,
09/12/2014,Cincinnati,,,,,,,,,Toledo,,,,,,,,,H,
09/12/2014,Nevada-Las Vegas,,,,,,,,,Northern Illinois,,,,,,,,,H,
09/12/2014,Northern Illinois,,,,,,,,,Nevada-Las Vegas,,,,,,,,,V,
09/12/2014,Toledo,,,,,,,,,Cincinnati,,,,,,,,,V,
09/13/2014,Air Force,,,,,,,,,Georgia State,,,,,,,,,V,
09/13/2014,Alabama,,,,,,,,,Southern Miss,,,,,,,,,H,
09/13/2014,Arizona,,,,,,,,,Nevada-Reno,,,,,,,,,H,
09/13/2014,Arizona State,,,,,,,,,Colorado,,,,,,,,,V,
09/13/2014,Arkansas,,,,,,,,,Texas Tech,,,,,,,,,V,
09/13/2014,Arkansas State,,,,,,,,,Miami-Florida,,,,,,,,,V,
09/13/2014,Army,,,,,,,,,Stanford,,,,,,,,,V,
09/13/2014,Ball State,,,,,,,,,Indiana State,,,,,,,,,H,
09/13/2014,Boise State,,,,,,,,,Connecticut,,,,,,,,,V,
09/13/2014,Boston College,,,,,,,,,Southern Cal,,,,,,,,,H,
09/13/2014,Bowling Green,,,,,,,,,Indiana,,,,,,,,,H,
09/13/2014,Central Michigan,,,,,,,,,Syracuse,,,,,,,,,H,
09/13/2014,Colorado,,,,,,,,,Arizona State,,,,,,,,,H,
09/13/2014,Colorado State,,,,,,,,,UC-Davis,,,,,,,,,H,
09/13/2014,Connecticut,,,,,,,,,Boise State,,,,,,,,,H,
09/13/2014,Duke,,,,,,,,,Kansas,,,,,,,,,H,
09/13/2014,East Carolina,,,,,,,,,Virginia Tech,,,,,,,,,V,
09/13/2014,Eastern Michigan,,,,,,,,,Old Dominion,,,,,,,,,V,
09/13/2014,Florida,,,,,,,,,Kentucky,,,,,,,,,H,
09/13/2014,Florida Atlantic,,,,,,,,,Tulsa,,,,,,,,,H,
09/13/2014,Florida Intl,,,,,,,,,Pittsburgh,,,,,,,,,H,
09/13/2014,Fresno State,,,,,,,,,Nebraska,,,,,,,,,H,
09/13/2014,Georgia,,,,,,,,,South Carolina,,,,,,,,,V,
09/13/2014,Georgia Southern,,,,,,,,,Georgia Tech,,,,,,,,,V,
09/13/2014,Georgia State,,,,,,,,,Air Force,,,,,,,,,H,
09/13/2014,Georgia Tech,,,,,,,,,Georgia Southern,,,,,,,,,H,
09/13/2014,Hawaii,,,,,,,,,Northern Iowa,,,,,,,,,H,
09/13/2014,Idaho,,,,,,,,,Western Michigan,,,,,,,,,H,
09/13/2014,Illinois,,,,,,,,,Washington,,,,,,,,,V,
09/13/2014,Indiana,,,,,,,,,Bowling Green,,,,,,,,,V,
09/13/2014,Iowa,,,,,,,,,Iowa State,,,,,,,,,H,
09/13/2014,Iowa State,,,,,,,,,Iowa,,,,,,,,,V,
09/13/2014,Kansas,,,,,,,,,Duke,,,,,,,,,V,
09/13/2014,Kent State,,,,,,,,,Ohio State,,,,,,,,,V,
09/13/2014,Kentucky,,,,,,,,,Florida,,,,,,,,,V,
09/13/2014,Louisiana State,,,,,,,,,UL-Monroe,,,,,,,,,H,
09/13/2014,Louisville,,,,,,,,,Virginia,,,,,,,,,V,
09/13/2014,Marshall,,,,,,,,,Ohio,,,,,,,,,H,
09/13/2014,Maryland,,,,,,,,,West Virginia,,,,,,,,,H,
09/13/2014,Massachusetts,,,,,,,,,Vanderbilt,,,,,,,,,V,
09/13/2014,Miami-Florida,,,,,,,,,Arkansas State,,,,,,,,,H,
09/13/2014,Miami-Ohio,,,,,,,,,Michigan,,,,,,,,,V,
09/13/2014,Michigan,,,,,,,,,Miami-Ohio,,,,,,,,,H,
09/13/2014,Middle Tennessee,,,,,,,,,Western Kentucky,,,,,,,,,H,
09/13/2014,Minnesota,,,,,,,,,Texas Christian,,,,,,,,,V,
09/13/2014,Mississippi,,,,,,,,,UL-Lafayette,,,,,,,,,H,
09/13/2014,Mississippi State,,,,,,,,,South Alabama,,,,,,,,,V,
09/13/2014,Missouri,,,,,,,,,U-C-F,,,,,,,,,H,
09/13/2014,Navy,,,,,,,,,Texas State,,,,,,,,,V,
09/13/2014,Nebraska,,,,,,,,,Fresno State,,,,,,,,,V,
09/13/2014,Nevada-Reno,,,,,,,,,Arizona,,,,,,,,,V,
09/13/2014,New Mexico State,,,,,,,,,UTEP,,,,,,,,,V,
09/13/2014,No Carolina State,,,,,,,,,South Florida,,,,,,,,,V,
09/13/2014,Notre Dame,,,,,,,,,Purdue,,,,,,,,,N,
09/13/2014,Ohio,,,,,,,,,Marshall,,,,,,,,,V,
09/13/2014,Ohio State,,,,,,,,,Kent State,,,,,,,,,H,
09/13/2014,Oklahoma,,,,,,,,,Tennessee,,,,,,,,,H,
09/13/2014,Oklahoma State,,,,,,,,,Texas-San Antonio,,,,,,,,,H,
09/13/2014,Old Dominion,,,,,,,,,Eastern Michigan,,,,,,,,,H,
09/13/2014,Oregon,,,,,,,,,Wyoming,,,,,,,,,H,
09/13/2014,Penn State,,,,,,,,,Rutgers,,,,,,,,,V,
09/13/2014,Pittsburgh,,,,,,,,,Florida Intl,,,,,,,,,V,
09/13/2014,Purdue,,,,,,,,,Notre Dame,,,,,,,,,N,
09/13/2014,Rice,,,,,,,,,Texas A+M,,,,,,,,,V,
09/13/2014,Rutgers,,,,,,,,,Penn State,,,,,,,,,H,
09/13/2014,South Alabama,,,,,,,,,Mississippi State,,,,,,,,,H,
09/13/2014,South Carolina,,,,,,,,,Georgia,,,,,,,,,H,
09/13/2014,South Florida,,,,,,,,,No Carolina State,,,,,,,,,H,
09/13/2014,Southern Cal,,,,,,,,,Boston College,,,,,,,,,V,
09/13/2014,Southern Miss,,,,,,,,,Alabama,,,,,,,,,V,
09/13/2014,Stanford,,,,,,,,,Army,,,,,,,,,H,
09/13/2014,Syracuse,,,,,,,,,Central Michigan,,,,,,,,,V,
09/13/2014,Tennessee,,,,,,,,,Oklahoma,,,,,,,,,V,
09/13/2014,Texas,,,,,,,,,U.C.L.A.,,,,,,,,,N,
09/13/2014,Texas A+M,,,,,,,,,Rice,,,,,,,,,H,
09/13/2014,Texas Christian,,,,,,,,,Minnesota,,,,,,,,,H,
09/13/2014,Texas State,,,,,,,,,Navy,,,,,,,,,H,
09/13/2014,Texas Tech,,,,,,,,,Arkansas,,,,,,,,,H,
09/13/2014,Texas-San Antonio,,,,,,,,,Oklahoma State,,,,,,,,,V,
09/13/2014,Troy,,,,,,,,,Abilene Christian,,,,,,,,,H,
09/13/2014,Tulane,,,,,,,,,S E Louisiana,,,,,,,,,H,
09/13/2014,Tulsa,,,,,,,,,Florida Atlantic,,,,,,,,,V,
09/13/2014,U-A-B,,,,,,,,,Alabama A+M,,,,,,,,,H,
09/13/2014,U-C-F,,,,,,,,,Missouri,,,,,,,,,V,
09/13/2014,U.C.L.A.,,,,,,,,,Texas,,,,,,,,,N,
09/13/2014,UL-Lafayette,,,,,,,,,Mississippi,,,,,,,,,V,
09/13/2014,UL-Monroe,,,,,,,,,Louisiana State,,,,,,,,,V,
09/13/2014,UTEP,,,,,,,,,New Mexico State,,,,,,,,,H,
09/13/2014,Utah State,,,,,,,,,Wake Forest,,,,,,,,,H,
09/13/2014,Vanderbilt,,,,,,,,,Massachusetts,,,,,,,,,H,
09/13/2014,Virginia,,,,,,,,,Louisville,,,,,,,,,H,
09/13/2014,Virginia Tech,,,,,,,,,East Carolina,,,,,,,,,H,
09/13/2014,Wake Forest,,,,,,,,,Utah State,,,,,,,,,V,
09/13/2014,Washington,,,,,,,,,Illinois,,,,,,,,,H,
09/13/2014,Washington State,,,,,,,,,Portland State,,,,,,,,,H,
09/13/2014,West Virginia,,,,,,,,,Maryland,,,,,,,,,V,
09/13/2014,Western Kentucky,,,,,,,,,Middle Tennessee,,,,,,,,,V,
09/13/2014,Western Michigan,,,,,,,,,Idaho,,,,,,,,,V,
09/13/2014,Wyoming,,,,,,,,,Oregon,,,,,,,,,V,
09/18/2014,Auburn,,,,,,,,,Kansas State,,,,,,,,,V,
09/18/2014,Kansas State,,,,,,,,,Auburn,,,,,,,,,H,
09/19/2014,Connecticut,,,,,,,,,South Florida,,,,,,,,,V,
09/19/2014,South Florida,,,,,,,,,Connecticut,,,,,,,,,H,
09/20/2014,Akron,,,,,,,,,Marshall,,,,,,,,,H,
09/20/2014,Alabama,,,,,,,,,Florida,,,,,,,,,H,
09/20/2014,Appalachian State,,,,,,,,,Southern Miss,,,,,,,,,V,
09/20/2014,Arizona,,,,,,,,,California,,,,,,,,,H,
09/20/2014,Arkansas,,,,,,,,,Northern Illinois,,,,,,,,,H,
09/20/2014,Arkansas State,,,,,,,,,Utah State,,,,,,,,,H,
09/20/2014,Army,,,,,,,,,Wake Forest,,,,,,,,,V,
09/20/2014,Ball State,,,,,,,,,Toledo,,,,,,,,,V,
09/20/2014,Boise State,,,,,,,,,UL-Lafayette,,,,,,,,,H,
09/20/2014,Boston College,,,,,,,,,Maine,,,,,,,,,H,
09/20/2014,Bowling Green,,,,,,,,,Wisconsin,,,,,,,,,V,
09/20/2014,Brigham Young,,,,,,,,,Virginia,,,,,,,,,H,
09/20/2014,Buffalo,,,,,,,,,Norfolk State,,,,,,,,,H,
09/20/2014,California,,,,,,,,,Arizona,,,,,,,,,V,
09/20/2014,Central Michigan,,,,,,,,,Kansas,,,,,,,,,V,
09/20/2014,Cincinnati,,,,,,,,,Miami-Ohio,,,,,,,,,H,
09/20/2014,Clemson,,,,,,,,,Florida State,,,,,,,,,V,
09/20/2014,Colorado,,,,,,,,,Hawaii,,,,,,,,,H,
09/20/2014,Duke,,,,,,,,,Tulane,,,,,,,,,H,
09/20/2014,East Carolina,,,,,,,,,North Carolina,,,,,,,,,H,
09/20/2014,Eastern Michigan,,,,,,,,,Michigan State,,,,,,,,,V,
09/20/2014,Florida,,,,,,,,,Alabama,,,,,,,,,V,
09/20/2014,Florida Atlantic,,,,,,,,,Wyoming,,,,,,,,,V,
09/20/2014,Florida Intl,,,,,,,,,Louisville,,,,,,,,,H,
09/20/2014,Florida State,,,,,,,,,Clemson,,,,,,,,,H,
09/20/2014,Fresno State,,,,,,,,,Southern Utah,,,,,,,,,H,
09/20/2014,Georgia,,,,,,,,,Troy,,,,,,,,,H,
09/20/2014,Georgia Southern,,,,,,,,,South Alabama,,,,,,,,,V,
09/20/2014,Georgia State,,,,,,,,,Washington,,,,,,,,,V,
09/20/2014,Georgia Tech,,,,,,,,,Virginia Tech,,,,,,,,,V,
09/20/2014,Hawaii,,,,,,,,,Colorado,,,,,,,,,V,
09/20/2014,Idaho,,,,,,,,,Ohio,,,,,,,,,V,
09/20/2014,Illinois,,,,,,,,,Texas State,,,,,,,,,H,
09/20/2014,Indiana,,,,,,,,,Missouri,,,,,,,,,V,
09/20/2014,Iowa,,,,,,,,,Pittsburgh,,,,,,,,,V,
09/20/2014,Kansas,,,,,,,,,Central Michigan,,,,,,,,,H,
09/20/2014,Louisiana State,,,,,,,,,Mississippi State,,,,,,,,,H,
09/20/2014,Louisiana Tech,,,,,,,,,Northwestern St(LA),,,,,,,,,H,
09/20/2014,Louisville,,,,,,,,,Florida Intl,,,,,,,,,V,
09/20/2014,Marshall,,,,,,,,,Akron,,,,,,,,,V,
09/20/2014,Maryland,,,,,,,,,Syracuse,,,,,,,,,V,
09/20/2014,Massachusetts,,,,,,,,,Penn State,,,,,,,,,V,
09/20/2014,Memphis,,,,,,,,,Middle Tennessee,,,,,,,,,H,
09/20/2014,Miami-Florida,,,,,,,,,Nebraska,,,,,,,,,V,
09/20/2014,Miami-Ohio,,,,,,,,,Cincinnati,,,,,,,,,V,
09/20/2014,Michigan,,,,,,,,,Utah,,,,,,,,,H,
09/20/2014,Michigan State,,,,,,,,,Eastern Michigan,,,,,,,,,H,
09/20/2014,Middle Tennessee,,,,,,,,,Memphis,,,,,,,,,V,
09/20/2014,Minnesota,,,,,,,,,San Jose State,,,,,,,,,H,
09/20/2014,Mississippi State,,,,,,,,,Louisiana State,,,,,,,,,V,
09/20/2014,Missouri,,,,,,,,,Indiana,,,,,,,,,H,
09/20/2014,Navy,,,,,,,,,Rutgers,,,,,,,,,H,
09/20/2014,Nebraska,,,,,,,,,Miami-Florida,,,,,,,,,H,
09/20/2014,New Mexico,,,,,,,,,New Mexico State,,,,,,,,,V,
09/20/2014,New Mexico State,,,,,,,,,New Mexico,,,,,,,,,H,
09/20/2014,No Carolina State,,,,,,,,,Presbyterian,,,,,,,,,H,
09/20/2014,North Carolina,,,,,,,,,East Carolina,,,,,,,,,V,
09/20/2014,North Texas,,,,,,,,,Nicholls State,,,,,,,,,H,
09/20/2014,Northern Illinois,,,,,,,,,Arkansas,,,,,,,,,V,
09/20/2014,Northwestern,,,,,,,,,Western Illinois,,,,,,,,,H,
09/20/2014,Ohio,,,,,,,,,Idaho,,,,,,,,,H,
09/20/2014,Oklahoma,,,,,,,,,West Virginia,,,,,,,,,V,
09/20/2014,Old Dominion,,,,,,,,,Rice,,,,,,,,,V,
09/20/2014,Oregon,,,,,,,,,Washington State,,,,,,,,,V,
09/20/2014,Oregon State,,,,,,,,,San Diego State,,,,,,,,,H,
09/20/2014,Penn State,,,,,,,,,Massachusetts,,,,,,,,,H,
09/20/2014,Pittsburgh,,,,,,,,,Iowa,,,,,,,,,H,
09/20/2014,Purdue,,,,,,,,,Southern Illinois,,,,,,,,,H,
09/20/2014,Rice,,,,,,,,,Old Dominion,,,,,,,,,H,
09/20/2014,Rutgers,,,,,,,,,Navy,,,,,,,,,V,
09/20/2014,S-M-U,,,,,,,,,Texas A+M,,,,,,,,,H,
09/20/2014,San Diego State,,,,,,,,,Oregon State,,,,,,,,,V,
09/20/2014,San Jose State,,,,,,,,,Minnesota,,,,,,,,,V,
09/20/2014,South Alabama,,,,,,,,,Georgia Southern,,,,,,,,,H,
09/20/2014,South Carolina,,,,,,,,,Vanderbilt,,,,,,,,,V,
09/20/2014,Southern Miss,,,,,,,,,Appalachian State,,,,,,,,,H,
09/20/2014,Syracuse,,,,,,,,,Maryland,,,,,,,,,H,
09/20/2014,Temple,,,,,,,,,Delaware State,,,,,,,,,H,
09/20/2014,Texas A+M,,,,,,,,,S-M-U,,,,,,,,,V,
09/20/2014,Texas State,,,,,,,,,Illinois,,,,,,,,,V,
09/20/2014,Toledo,,,,,,,,,Ball State,,,,,,,,,H,
09/20/2014,Troy,,,,,,,,,Georgia,,,,,,,,,V,
09/20/2014,Tulane,,,,,,,,,Duke,,,,,,,,,V,
09/20/2014,U-C-F,,,,,,,,,Bethune-Cookman,,,,,,,,,H,
09/20/2014,UL-Lafayette,,,,,,,,,Boise State,,,,,,,,,V,
09/20/2014,Utah,,,,,,,,,Michigan,,,,,,,,,V,
09/20/2014,Utah State,,,,,,,,,Arkansas State,,,,,,,,,V,
09/20/2014,Vanderbilt,,,,,,,,,South Carolina,,,,,,,,,H,
09/20/2014,Virginia,,,,,,,,,Brigham Young,,,,,,,,,V,
09/20/2014,Virginia Tech,,,,,,,,,Georgia Tech,,,,,,,,,H,
09/20/2014,Wake Forest,,,,,,,,,Army,,,,,,,,,H,
09/20/2014,Washington,,,,,,,,,Georgia State,,,,,,,,,H,
09/20/2014,Washington State,,,,,,,,,Oregon,,,,,,,,,H,
09/20/2014,West Virginia,,,,,,,,,Oklahoma,,,,,,,,,H,
09/20/2014,Western Michigan,,,,,,,,,Murray State,,,,,,,,,H,
09/20/2014,Wisconsin,,,,,,,,,Bowling Green,,,,,,,,,H,
09/20/2014,Wyoming,,,,,,,,,Florida Atlantic,,,,,,,,,H,
09/25/2014,Appalachian State,,,,,,,,,Georgia Southern,,,,,,,,,V,
09/25/2014,Arizona State,,,,,,,,,U.C.L.A.,,,,,,,,,H,
09/25/2014,Georgia Southern,,,,,,,,,Appalachian State,,,,,,,,,H,
09/25/2014,Oklahoma State,,,,,,,,,Texas Tech,,,,,,,,,H,
09/25/2014,Texas Tech,,,,,,,,,Oklahoma State,,,,,,,,,V,
09/25/2014,U.C.L.A.,,,,,,,,,Arizona State,,,,,,,,,V,
09/26/2014,Fresno State,,,,,,,,,New Mexico,,,,,,,,,V,
09/26/2014,Middle Tennessee,,,,,,,,,Old Dominion,,,,,,,,,V,
09/26/2014,New Mexico,,,,,,,,,Fresno State,,,,,,,,,H,
09/26/2014,Old Dominion,,,,,,,,,Middle Tennessee,,,,,,,,,H,
09/27/2014,Air Force,,,,,,,,,Boise State,,,,,,,,,H,
09/27/2014,Akron,,,,,,,,,Pittsburgh,,,,,,,,,V,
09/27/2014,Arkansas,,,,,,,,,Texas A+M,,,,,,,,,N,
09/27/2014,Army,,,,,,,,,Yale,,,,,,,,,V,
09/27/2014,Auburn,,,,,,,,,Louisiana Tech,,,,,,,,,H,
09/27/2014,Baylor,,,,,,,,,Iowa State,,,,,,,,,V,
09/27/2014,Boise State,,,,,,,,,Air Force,,,,,,,,,V,
09/27/2014,Boston College,,,,,,,,,Colorado State,,,,,,,,,H,
09/27/2014,Bowling Green,,,,,,,,,Massachusetts,,,,,,,,,V,
09/27/2014,Buffalo,,,,,,,,,Miami-Ohio,,,,,,,,,H,
09/27/2014,California,,,,,,,,,Colorado,,,,,,,,,H,
09/27/2014,Central Michigan,,,,,,,,,Toledo,,,,,,,,,V,
09/27/2014,Cincinnati,,,,,,,,,Ohio State,,,,,,,,,V,
09/27/2014,Clemson,,,,,,,,,North Carolina,,,,,,,,,H,
09/27/2014,Colorado,,,,,,,,,California,,,,,,,,,V,
09/27/2014,Colorado State,,,,,,,,,Boston College,,,,,,,,,V,
09/27/2014,Connecticut,,,,,,,,,Temple,,,,,,,,,H,
09/27/2014,Duke,,,,,,,,,Miami-Florida,,,,,,,,,V,
09/27/2014,Florida Atlantic,,,,,,,,,Texas-San Antonio,,,,,,,,,H,
09/27/2014,Florida Intl,,,,,,,,,U-A-B,,,,,,,,,V,
09/27/2014,Florida State,,,,,,,,,No Carolina State,,,,,,,,,V,
09/27/2014,Georgia,,,,,,,,,Tennessee,,,,,,,,,H,
09/27/2014,Idaho,,,,,,,,,South Alabama,,,,,,,,,H,
09/27/2014,Illinois,,,,,,,,,Nebraska,,,,,,,,,V,
09/27/2014,Indiana,,,,,,,,,Maryland,,,,,,,,,H,
09/27/2014,Iowa,,,,,,,,,Purdue,,,,,,,,,V,
09/27/2014,Iowa State,,,,,,,,,Baylor,,,,,,,,,H,
09/27/2014,Kansas,,,,,,,,,Texas,,,,,,,,,H,
09/27/2014,Kansas State,,,,,,,,,UTEP,,,,,,,,,H,
09/27/2014,Kent State,,,,,,,,,Virginia,,,,,,,,,V,
09/27/2014,Kentucky,,,,,,,,,Vanderbilt,,,,,,,,,H,
09/27/2014,Louisiana State,,,,,,,,,New Mexico State,,,,,,,,,H,
09/27/2014,Louisiana Tech,,,,,,,,,Auburn,,,,,,,,,V,
09/27/2014,Louisville,,,,,,,,,Wake Forest,,,,,,,,,H,
09/27/2014,Maryland,,,,,,,,,Indiana,,,,,,,,,V,
09/27/2014,Massachusetts,,,,,,,,,Bowling Green,,,,,,,,,H,
09/27/2014,Memphis,,,,,,,,,Mississippi,,,,,,,,,V,
09/27/2014,Miami-Florida,,,,,,,,,Duke,,,,,,,,,H,
09/27/2014,Miami-Ohio,,,,,,,,,Buffalo,,,,,,,,,V,
09/27/2014,Michigan,,,,,,,,,Minnesota,,,,,,,,,H,
09/27/2014,Michigan State,,,,,,,,,Wyoming,,,,,,,,,H,
09/27/2014,Minnesota,,,,,,,,,Michigan,,,,,,,,,V,
09/27/2014,Mississippi,,,,,,,,,Memphis,,,,,,,,,H,
09/27/2014,Missouri,,,,,,,,,South Carolina,,,,,,,,,V,
09/27/2014,Navy,,,,,,,,,Western Kentucky,,,,,,,,,H,
09/27/2014,Nebraska,,,,,,,,,Illinois,,,,,,,,,H,
09/27/2014,Nevada-Las Vegas,,,,,,,,,San Diego State,,,,,,,,,V,
09/27/2014,Nevada-Reno,,,,,,,,,San Jose State,,,,,,,,,V,
09/27/2014,New Mexico State,,,,,,,,,Louisiana State,,,,,,,,,V,
09/27/2014,No Carolina State,,,,,,,,,Florida State,,,,,,,,,H,
09/27/2014,North Carolina,,,,,,,,,Clemson,,,,,,,,,V,
09/27/2014,Northwestern,,,,,,,,,Penn State,,,,,,,,,V,
09/27/2014,Notre Dame,,,,,,,,,Syracuse,,,,,,,,,N,
09/27/2014,Ohio,,,,,,,,,Eastern Illinois,,,,,,,,,H,
09/27/2014,Ohio State,,,,,,,,,Cincinnati,,,,,,,,,H,
09/27/2014,Oregon State,,,,,,,,,Southern Cal,,,,,,,,,V,
09/27/2014,Penn State,,,,,,,,,Northwestern,,,,,,,,,H,
09/27/2014,Pittsburgh,,,,,,,,,Akron,,,,,,,,,H,
09/27/2014,Purdue,,,,,,,,,Iowa,,,,,,,,,H,
09/27/2014,Rice,,,,,,,,,Southern Miss,,,,,,,,,V,
09/27/2014,Rutgers,,,,,,,,,Tulane,,,,,,,,,H,
09/27/2014,S-M-U,,,,,,,,,Texas Christian,,,,,,,,,H,
09/27/2014,San Diego State,,,,,,,,,Nevada-Las Vegas,,,,,,,,,H,
09/27/2014,San Jose State,,,,,,,,,Nevada-Reno,,,,,,,,,H,
09/27/2014,South Alabama,,,,,,,,,Idaho,,,,,,,,,V,
09/27/2014,South Carolina,,,,,,,,,Missouri,,,,,,,,,H,
09/27/2014,South Florida,,,,,,,,,Wisconsin,,,,,,,,,V,
09/27/2014,Southern Cal,,,,,,,,,Oregon State,,,,,,,,,H,
09/27/2014,Southern Miss,,,,,,,,,Rice,,,,,,,,,H,
09/27/2014,Stanford,,,,,,,,,Washington,,,,,,,,,V,
09/27/2014,Syracuse,,,,,,,,,Notre Dame,,,,,,,,,N,
09/27/2014,Temple,,,,,,,,,Connecticut,,,,,,,,,V,
09/27/2014,Tennessee,,,,,,,,,Georgia,,,,,,,,,V,
09/27/2014,Texas,,,,,,,,,Kansas,,,,,,,,,V,
09/27/2014,Texas A+M,,,,,,,,,Arkansas,,,,,,,,,N,
09/27/2014,Texas Christian,,,,,,,,,S-M-U,,,,,,,,,V,
09/27/2014,Texas State,,,,,,,,,Tulsa,,,,,,,,,V,
09/27/2014,Texas-San Antonio,,,,,,,,,Florida Atlantic,,,,,,,,,V,
09/27/2014,Toledo,,,,,,,,,Central Michigan,,,,,,,,,H,
09/27/2014,Troy,,,,,,,,,UL-Monroe,,,,,,,,,V,
09/27/2014,Tulane,,,,,,,,,Rutgers,,,,,,,,,V,
09/27/2014,Tulsa,,,,,,,,,Texas State,,,,,,,,,H,
09/27/2014,U-A-B,,,,,,,,,Florida Intl,,,,,,,,,H,
09/27/2014,UL-Monroe,,,,,,,,,Troy,,,,,,,,,H,
09/27/2014,UTEP,,,,,,,,,Kansas State,,,,,,,,,V,
09/27/2014,Utah,,,,,,,,,Washington State,,,,,,,,,H,
09/27/2014,Vanderbilt,,,,,,,,,Kentucky,,,,,,,,,V,
09/27/2014,Virginia,,,,,,,,,Kent State,,,,,,,,,H,
09/27/2014,Virginia Tech,,,,,,,,,Western Michigan,,,,,,,,,H,
09/27/2014,Wake Forest,,,,,,,,,Louisville,,,,,,,,,V,
09/27/2014,Washington,,,,,,,,,Stanford,,,,,,,,,H,
09/27/2014,Washington State,,,,,,,,,Utah,,,,,,,,,V,
09/27/2014,Western Kentucky,,,,,,,,,Navy,,,,,,,,,V,
09/27/2014,Western Michigan,,,,,,,,,Virginia Tech,,,,,,,,,V,
09/27/2014,Wisconsin,,,,,,,,,South Florida,,,,,,,,,H,
09/27/2014,Wyoming,,,,,,,,,Michigan State,,,,,,,,,V,
10/02/2014,Arizona,,,,,,,,,Oregon,,,,,,,,,V,
10/02/2014,Florida Atlantic,,,,,,,,,Florida Intl,,,,,,,,,V,
10/02/2014,Florida Intl,,,,,,,,,Florida Atlantic,,,,,,,,,H,
10/02/2014,Houston,,,,,,,,,U-C-F,,,,,,,,,H,
10/02/2014,Oregon,,,,,,,,,Arizona,,,,,,,,,H,
10/02/2014,U-C-F,,,,,,,,,Houston,,,,,,,,,V,
10/03/2014,Brigham Young,,,,,,,,,Utah State,,,,,,,,,H,
10/03/2014,Fresno State,,,,,,,,,San Diego State,,,,,,,,,H,
10/03/2014,Louisville,,,,,,,,,Syracuse,,,,,,,,,V,
10/03/2014,San Diego State,,,,,,,,,Fresno State,,,,,,,,,V,
10/03/2014,Syracuse,,,,,,,,,Louisville,,,,,,,,,H,
10/03/2014,Utah State,,,,,,,,,Brigham Young,,,,,,,,,V,
10/04/2014,Air Force,,,,,,,,,Navy,,,,,,,,,H,
10/04/2014,Akron,,,,,,,,,Eastern Michigan,,,,,,,,,H,
10/04/2014,Alabama,,,,,,,,,Mississippi,,,,,,,,,V,
10/04/2014,Appalachian State,,,,,,,,,South Alabama,,,,,,,,,H,
10/04/2014,Arizona State,,,,,,,,,Southern Cal,,,,,,,,,V,
10/04/2014,Arkansas State,,,,,,,,,UL-Monroe,,,,,,,,,H,
10/04/2014,Army,,,,,,,,,Ball State,,,,,,,,,H,
10/04/2014,Auburn,,,,,,,,,Louisiana State,,,,,,,,,H,
10/04/2014,Ball State,,,,,,,,,Army,,,,,,,,,V,
10/04/2014,Baylor,,,,,,,,,Texas,,,,,,,,,V,
10/04/2014,Boise State,,,,,,,,,Nevada-Reno,,,,,,,,,V,
10/04/2014,Bowling Green,,,,,,,,,Buffalo,,,,,,,,,H,
10/04/2014,Buffalo,,,,,,,,,Bowling Green,,,,,,,,,V,
10/04/2014,California,,,,,,,,,Washington State,,,,,,,,,V,
10/04/2014,Central Michigan,,,,,,,,,Ohio,,,,,,,,,H,
10/04/2014,Cincinnati,,,,,,,,,Memphis,,,,,,,,,H,
10/04/2014,Clemson,,,,,,,,,No Carolina State,,,,,,,,,H,
10/04/2014,Colorado,,,,,,,,,Oregon State,,,,,,,,,H,
10/04/2014,Colorado State,,,,,,,,,Tulsa,,,,,,,,,H,
10/04/2014,East Carolina,,,,,,,,,S-M-U,,,,,,,,,H,
10/04/2014,Eastern Michigan,,,,,,,,,Akron,,,,,,,,,V,
10/04/2014,Florida,,,,,,,,,Tennessee,,,,,,,,,V,
10/04/2014,Florida State,,,,,,,,,Wake Forest,,,,,,,,,H,
10/04/2014,Georgia,,,,,,,,,Vanderbilt,,,,,,,,,H,
10/04/2014,Georgia Southern,,,,,,,,,New Mexico State,,,,,,,,,V,
10/04/2014,Georgia State,,,,,,,,,UL-Lafayette,,,,,,,,,V,
10/04/2014,Georgia Tech,,,,,,,,,Miami-Florida,,,,,,,,,H,
10/04/2014,Hawaii,,,,,,,,,Rice,,,,,,,,,V,
10/04/2014,Idaho,,,,,,,,,Texas State,,,,,,,,,V,
10/04/2014,Illinois,,,,,,,,,Purdue,,,,,,,,,H,
10/04/2014,Indiana,,,,,,,,,North Texas,,,,,,,,,H,
10/04/2014,Iowa State,,,,,,,,,Oklahoma State,,,,,,,,,V,
10/04/2014,Kansas,,,,,,,,,West Virginia,,,,,,,,,V,
10/04/2014,Kansas State,,,,,,,,,Texas Tech,,,,,,,,,H,
10/04/2014,Kent State,,,,,,,,,Northern Illinois,,,,,,,,,V,
10/04/2014,Kentucky,,,,,,,,,South Carolina,,,,,,,,,H,
10/04/2014,Louisiana State,,,,,,,,,Auburn,,,,,,,,,V,
10/04/2014,Louisiana Tech,,,,,,,,,UTEP,,,,,,,,,H,
10/04/2014,Marshall,,,,,,,,,Old Dominion,,,,,,,,,V,
10/04/2014,Maryland,,,,,,,,,Ohio State,,,,,,,,,H,
10/04/2014,Massachusetts,,,,,,,,,Miami-Ohio,,,,,,,,,V,
10/04/2014,Memphis,,,,,,,,,Cincinnati,,,,,,,,,V,
10/04/2014,Miami-Florida,,,,,,,,,Georgia Tech,,,,,,,,,V,
10/04/2014,Miami-Ohio,,,,,,,,,Massachusetts,,,,,,,,,H,
10/04/2014,Michigan,,,,,,,,,Rutgers,,,,,,,,,V,
10/04/2014,Michigan State,,,,,,,,,Nebraska,,,,,,,,,H,
10/04/2014,Middle Tennessee,,,,,,,,,Southern Miss,,,,,,,,,H,
10/04/2014,Mississippi,,,,,,,,,Alabama,,,,,,,,,H,
10/04/2014,Mississippi State,,,,,,,,,Texas A+M,,,,,,,,,H,
10/04/2014,Navy,,,,,,,,,Air Force,,,,,,,,,V,
10/04/2014,Nebraska,,,,,,,,,Michigan State,,,,,,,,,V,
10/04/2014,Nevada-Las Vegas,,,,,,,,,San Jose State,,,,,,,,,V,
10/04/2014,Nevada-Reno,,,,,,,,,Boise State,,,,,,,,,H,
10/04/2014,New Mexico,,,,,,,,,Texas-San Antonio,,,,,,,,,V,
10/04/2014,New Mexico State,,,,,,,,,Georgia Southern,,,,,,,,,H,
10/04/2014,No Carolina State,,,,,,,,,Clemson,,,,,,,,,V,
10/04/2014,North Carolina,,,,,,,,,Virginia Tech,,,,,,,,,H,
10/04/2014,North Texas,,,,,,,,,Indiana,,,,,,,,,V,
10/04/2014,Northern Illinois,,,,,,,,,Kent State,,,,,,,,,H,
10/04/2014,Northwestern,,,,,,,,,Wisconsin,,,,,,,,,H,
10/04/2014,Notre Dame,,,,,,,,,Stanford,,,,,,,,,H,
10/04/2014,Ohio,,,,,,,,,Central Michigan,,,,,,,,,V,
10/04/2014,Ohio State,,,,,,,,,Maryland,,,,,,,,,V,
10/04/2014,Oklahoma,,,,,,,,,Texas Christian,,,,,,,,,V,
10/04/2014,Oklahoma State,,,,,,,,,Iowa State,,,,,,,,,H,
10/04/2014,Old Dominion,,,,,,,,,Marshall,,,,,,,,,H,
10/04/2014,Oregon State,,,,,,,,,Colorado,,,,,,,,,V,
10/04/2014,Pittsburgh,,,,,,,,,Virginia,,,,,,,,,V,
10/04/2014,Purdue,,,,,,,,,Illinois,,,,,,,,,V,
10/04/2014,Rice,,,,,,,,,Hawaii,,,,,,,,,H,
10/04/2014,Rutgers,,,,,,,,,Michigan,,,,,,,,,H,
10/04/2014,S-M-U,,,,,,,,,East Carolina,,,,,,,,,V,
10/04/2014,San Jose State,,,,,,,,,Nevada-Las Vegas,,,,,,,,,H,
10/04/2014,South Alabama,,,,,,,,,Appalachian State,,,,,,,,,V,
10/04/2014,South Carolina,,,,,,,,,Kentucky,,,,,,,,,V,
10/04/2014,Southern Cal,,,,,,,,,Arizona State,,,,,,,,,H,
10/04/2014,Southern Miss,,,,,,,,,Middle Tennessee,,,,,,,,,V,
10/04/2014,Stanford,,,,,,,,,Notre Dame,,,,,,,,,V,
10/04/2014,Tennessee,,,,,,,,,Florida,,,,,,,,,H,
10/04/2014,Texas,,,,,,,,,Baylor,,,,,,,,,H,
10/04/2014,Texas A+M,,,,,,,,,Mississippi State,,,,,,,,,V,
10/04/2014,Texas Christian,,,,,,,,,Oklahoma,,,,,,,,,H,
10/04/2014,Texas State,,,,,,,,,Idaho,,,,,,,,,H,
10/04/2014,Texas Tech,,,,,,,,,Kansas State,,,,,,,,,V,
10/04/2014,Texas-San Antonio,,,,,,,,,New Mexico,,,,,,,,,H,
10/04/2014,Toledo,,,,,,,,,Western Michigan,,,,,,,,,V,
10/04/2014,Tulsa,,,,,,,,,Colorado State,,,,,,,,,V,
10/04/2014,U-A-B,,,,,,,,,Western Kentucky,,,,,,,,,V,
10/04/2014,U.C.L.A.,,,,,,,,,Utah,,,,,,,,,H,
10/04/2014,UL-Lafayette,,,,,,,,,Georgia State,,,,,,,,,H,
10/04/2014,UL-Monroe,,,,,,,,,Arkansas State,,,,,,,,,V,
10/04/2014,UTEP,,,,,,,,,Louisiana Tech,,,,,,,,,V,
10/04/2014,Utah,,,,,,,,,U.C.L.A.,,,,,,,,,V,
10/04/2014,Vanderbilt,,,,,,,,,Georgia,,,,,,,,,V,
10/04/2014,Virginia,,,,,,,,,Pittsburgh,,,,,,,,,H,
10/04/2014,Virginia Tech,,,,,,,,,North Carolina,,,,,,,,,V,
10/04/2014,Wake Forest,,,,,,,,,Florida State,,,,,,,,,V,
10/04/2014,Washington State,,,,,,,,,California,,,,,,,,,H,
10/04/2014,West Virginia,,,,,,,,,Kansas,,,,,,,,,H,
10/04/2014,Western Kentucky,,,,,,,,,U-A-B,,,,,,,,,H,
10/04/2014,Western Michigan,,,,,,,,,Toledo,,,,,,,,,H,
10/04/2014,Wisconsin,,,,,,,,,Northwestern,,,,,,,,,V,
10/09/2014,Brigham Young,,,,,,,,,U-C-F,,,,,,,,,V,
10/09/2014,U-C-F,,,,,,,,,Brigham Young,,,,,,,,,H,
10/10/2014,Fresno State,,,,,,,,,Nevada-Las Vegas,,,,,,,,,V,
10/10/2014,Nevada-Las Vegas,,,,,,,,,Fresno State,,,,,,,,,H,
10/10/2014,New Mexico,,,,,,,,,San Diego State,,,,,,,,,H,
10/10/2014,San Diego State,,,,,,,,,New Mexico,,,,,,,,,V,
10/10/2014,Stanford,,,,,,,,,Washington State,,,,,,,,,H,
10/10/2014,Washington State,,,,,,,,,Stanford,,,,,,,,,V,
10/11/2014,Air Force,,,,,,,,,Utah State,,,,,,,,,V,
10/11/2014,Akron,,,,,,,,,Miami-Ohio,,,,,,,,,H,
10/11/2014,Alabama,,,,,,,,,Arkansas,,,,,,,,,V,
10/11/2014,Appalachian State,,,,,,,,,Liberty,,,,,,,,,H,
10/11/2014,Arizona,,,,,,,,,Southern Cal,,,,,,,,,H,
10/11/2014,Arkansas,,,,,,,,,Alabama,,,,,,,,,H,
10/11/2014,Arkansas State,,,,,,,,,Georgia State,,,,,,,,,V,
10/11/2014,Army,,,,,,,,,Rice,,,,,,,,,H,
10/11/2014,Auburn,,,,,,,,,Mississippi State,,,,,,,,,V,
10/11/2014,Ball State,,,,,,,,,Western Michigan,,,,,,,,,H,
10/11/2014,Baylor,,,,,,,,,Texas Christian,,,,,,,,,H,
10/11/2014,Boston College,,,,,,,,,No Carolina State,,,,,,,,,V,
10/11/2014,Bowling Green,,,,,,,,,Ohio,,,,,,,,,V,
10/11/2014,Buffalo,,,,,,,,,Eastern Michigan,,,,,,,,,V,
10/11/2014,California,,,,,,,,,Washington,,,,,,,,,H,
10/11/2014,Central Michigan,,,,,,,,,Northern Illinois,,,,,,,,,V,
10/11/2014,Cincinnati,,,,,,,,,Miami-Florida,,,,,,,,,V,
10/11/2014,Clemson,,,,,,,,,Louisville,,,,,,,,,H,
10/11/2014,Colorado State,,,,,,,,,Nevada-Reno,,,,,,,,,V,
10/11/2014,Connecticut,,,,,,,,,Tulane,,,,,,,,,V,
10/11/2014,Duke,,,,,,,,,Georgia Tech,,,,,,,,,V,
10/11/2014,East Carolina,,,,,,,,,South Florida,,,,,,,,,V,
10/11/2014,Eastern Michigan,,,,,,,,,Buffalo,,,,,,,,,H,
10/11/2014,Florida,,,,,,,,,Louisiana State,,,,,,,,,H,
10/11/2014,Florida Intl,,,,,,,,,Texas-San Antonio,,,,,,,,,V,
10/11/2014,Florida State,,,,,,,,,Syracuse,,,,,,,,,V,
10/11/2014,Georgia,,,,,,,,,Missouri,,,,,,,,,V,
10/11/2014,Georgia Southern,,,,,,,,,Idaho,,,,,,,,,H,
10/11/2014,Georgia State,,,,,,,,,Arkansas State,,,,,,,,,H,
10/11/2014,Georgia Tech,,,,,,,,,Duke,,,,,,,,,H,
10/11/2014,Hawaii,,,,,,,,,Wyoming,,,,,,,,,H,
10/11/2014,Houston,,,,,,,,,Memphis,,,,,,,,,V,
10/11/2014,Idaho,,,,,,,,,Georgia Southern,,,,,,,,,V,
10/11/2014,Illinois,,,,,,,,,Wisconsin,,,,,,,,,V,
10/11/2014,Indiana,,,,,,,,,Iowa,,,,,,,,,V,
10/11/2014,Iowa,,,,,,,,,Indiana,,,,,,,,,H,
10/11/2014,Iowa State,,,,,,,,,Toledo,,,,,,,,,H,
10/11/2014,Kansas,,,,,,,,,Oklahoma State,,,,,,,,,H,
10/11/2014,Kent State,,,,,,,,,Massachusetts,,,,,,,,,H,
10/11/2014,Kentucky,,,,,,,,,UL-Monroe,,,,,,,,,H,
10/11/2014,Louisiana State,,,,,,,,,Florida,,,,,,,,,V,
10/11/2014,Louisville,,,,,,,,,Clemson,,,,,,,,,V,
10/11/2014,Marshall,,,,,,,,,Middle Tennessee,,,,,,,,,H,
10/11/2014,Massachusetts,,,,,,,,,Kent State,,,,,,,,,V,
10/11/2014,Memphis,,,,,,,,,Houston,,,,,,,,,H,
10/11/2014,Miami-Florida,,,,,,,,,Cincinnati,,,,,,,,,H,
10/11/2014,Miami-Ohio,,,,,,,,,Akron,,,,,,,,,V,
10/11/2014,Michigan,,,,,,,,,Penn State,,,,,,,,,H,
10/11/2014,Michigan State,,,,,,,,,Purdue,,,,,,,,,V,
10/11/2014,Middle Tennessee,,,,,,,,,Marshall,,,,,,,,,V,
10/11/2014,Minnesota,,,,,,,,,Northwestern,,,,,,,,,H,
10/11/2014,Mississippi,,,,,,,,,Texas A+M,,,,,,,,,V,
10/11/2014,Mississippi State,,,,,,,,,Auburn,,,,,,,,,H,
10/11/2014,Missouri,,,,,,,,,Georgia,,,,,,,,,H,
10/11/2014,Navy,,,,,,,,,Virginia Military,,,,,,,,,H,
10/11/2014,Nevada-Reno,,,,,,,,,Colorado State,,,,,,,,,H,
10/11/2014,New Mexico State,,,,,,,,,Troy,,,,,,,,,V,
10/11/2014,No Carolina State,,,,,,,,,Boston College,,,,,,,,,H,
10/11/2014,North Carolina,,,,,,,,,Notre Dame,,,,,,,,,V,
10/11/2014,North Texas,,,,,,,,,U-A-B,,,,,,,,,V,
10/11/2014,Northern Illinois,,,,,,,,,Central Michigan,,,,,,,,,H,
10/11/2014,Northwestern,,,,,,,,,Minnesota,,,,,,,,,V,
10/11/2014,Notre Dame,,,,,,,,,North Carolina,,,,,,,,,H,
10/11/2014,Ohio,,,,,,,,,Bowling Green,,,,,,,,,H,
10/11/2014,Oklahoma,,,,,,,,,Texas,,,,,,,,,N,
10/11/2014,Oklahoma State,,,,,,,,,Kansas,,,,,,,,,V,
10/11/2014,Old Dominion,,,,,,,,,UTEP,,,,,,,,,V,
10/11/2014,Oregon,,,,,,,,,U.C.L.A.,,,,,,,,,V,
10/11/2014,Penn State,,,,,,,,,Michigan,,,,,,,,,V,
10/11/2014,Purdue,,,,,,,,,Michigan State,,,,,,,,,H,
10/11/2014,Rice,,,,,,,,,Army,,,,,,,,,V,
10/11/2014,South Florida,,,,,,,,,East Carolina,,,,,,,,,H,
10/11/2014,Southern Cal,,,,,,,,,Arizona,,,,,,,,,V,
10/11/2014,Syracuse,,,,,,,,,Florida State,,,,,,,,,H,
10/11/2014,Temple,,,,,,,,,Tulsa,,,,,,,,,H,
10/11/2014,Tennessee,,,,,,,,,Chattanooga,,,,,,,,,H,
10/11/2014,Texas,,,,,,,,,Oklahoma,,,,,,,,,N,
10/11/2014,Texas A+M,,,,,,,,,Mississippi,,,,,,,,,H,
10/11/2014,Texas Christian,,,,,,,,,Baylor,,,,,,,,,V,
10/11/2014,Texas Tech,,,,,,,,,West Virginia,,,,,,,,,H,
10/11/2014,Texas-San Antonio,,,,,,,,,Florida Intl,,,,,,,,,H,
10/11/2014,Toledo,,,,,,,,,Iowa State,,,,,,,,,V,
10/11/2014,Troy,,,,,,,,,New Mexico State,,,,,,,,,H,
10/11/2014,Tulane,,,,,,,,,Connecticut,,,,,,,,,H,
10/11/2014,Tulsa,,,,,,,,,Temple,,,,,,,,,V,
10/11/2014,U-A-B,,,,,,,,,North Texas,,,,,,,,,H,
10/11/2014,U.C.L.A.,,,,,,,,,Oregon,,,,,,,,,H,
10/11/2014,UL-Monroe,,,,,,,,,Kentucky,,,,,,,,,V,
10/11/2014,UTEP,,,,,,,,,Old Dominion,,,,,,,,,H,
10/11/2014,Utah State,,,,,,,,,Air Force,,,,,,,,,H,
10/11/2014,Vanderbilt,,,,,,,,,Charleston Southern,,,,,,,,,H,
10/11/2014,Washington,,,,,,,,,California,,,,,,,,,V,
10/11/2014,West Virginia,,,,,,,,,Texas Tech,,,,,,,,,V,
10/11/2014,Western Michigan,,,,,,,,,Ball State,,,,,,,,,V,
10/11/2014,Wisconsin,,,,,,,,,Illinois,,,,,,,,,H,
10/11/2014,Wyoming,,,,,,,,,Hawaii,,,,,,,,,V,
10/14/2014,Texas State,,,,,,,,,UL-Lafayette,,,,,,,,,H,
10/14/2014,UL-Lafayette,,,,,,,,,Texas State,,,,,,,,,V,
10/16/2014,Oregon State,,,,,,,,,Utah,,,,,,,,,H,
10/16/2014,Pittsburgh,,,,,,,,,Virginia Tech,,,,,,,,,H,
10/16/2014,Utah,,,,,,,,,Oregon State,,,,,,,,,V,
10/16/2014,Virginia Tech,,,,,,,,,Pittsburgh,,,,,,,,,V,
10/17/2014,Boise State,,,,,,,,,Fresno State,,,,,,,,,H,
10/17/2014,Fresno State,,,,,,,,,Boise State,,,,,,,,,V,
10/17/2014,Houston,,,,,,,,,Temple,,,,,,,,,H,
10/17/2014,Temple,,,,,,,,,Houston,,,,,,,,,V,
10/18/2014,Air Force,,,,,,,,,New Mexico,,,,,,,,,H,
10/18/2014,Akron,,,,,,,,,Ohio,,,,,,,,,V,
10/18/2014,Alabama,,,,,,,,,Texas A+M,,,,,,,,,H,
10/18/2014,Appalachian State,,,,,,,,,Troy,,,,,,,,,V,
10/18/2014,Arizona State,,,,,,,,,Stanford,,,,,,,,,H,
10/18/2014,Arkansas,,,,,,,,,Georgia,,,,,,,,,N,
10/18/2014,Army,,,,,,,,,Kent State,,,,,,,,,V,
10/18/2014,Ball State,,,,,,,,,Central Michigan,,,,,,,,,V,
10/18/2014,Baylor,,,,,,,,,West Virginia,,,,,,,,,V,
10/18/2014,Boston College,,,,,,,,,Clemson,,,,,,,,,H,
10/18/2014,Bowling Green,,,,,,,,,Western Michigan,,,,,,,,,H,
10/18/2014,Brigham Young,,,,,,,,,Nevada-Reno,,,,,,,,,H,
10/18/2014,California,,,,,,,,,U.C.L.A.,,,,,,,,,H,
10/18/2014,Central Michigan,,,,,,,,,Ball State,,,,,,,,,H,
10/18/2014,Cincinnati,,,,,,,,,S-M-U,,,,,,,,,V,
10/18/2014,Clemson,,,,,,,,,Boston College,,,,,,,,,V,
10/18/2014,Colorado,,,,,,,,,Southern Cal,,,,,,,,,V,
10/18/2014,Colorado State,,,,,,,,,Utah State,,,,,,,,,H,
10/18/2014,Duke,,,,,,,,,Virginia,,,,,,,,,H,
10/18/2014,Eastern Michigan,,,,,,,,,Massachusetts,,,,,,,,,V,
10/18/2014,Florida,,,,,,,,,Missouri,,,,,,,,,H,
10/18/2014,Florida Atlantic,,,,,,,,,Western Kentucky,,,,,,,,,H,
10/18/2014,Florida Intl,,,,,,,,,Marshall,,,,,,,,,H,
10/18/2014,Florida State,,,,,,,,,Notre Dame,,,,,,,,,H,
10/18/2014,Georgia,,,,,,,,,Arkansas,,,,,,,,,N,
10/18/2014,Georgia State,,,,,,,,,South Alabama,,,,,,,,,V,
10/18/2014,Georgia Tech,,,,,,,,,North Carolina,,,,,,,,,V,
10/18/2014,Hawaii,,,,,,,,,San Diego State,,,,,,,,,V,
10/18/2014,Idaho,,,,,,,,,New Mexico State,,,,,,,,,H,
10/18/2014,Indiana,,,,,,,,,Michigan State,,,,,,,,,H,
10/18/2014,Iowa,,,,,,,,,Maryland,,,,,,,,,V,
10/18/2014,Iowa State,,,,,,,,,Texas,,,,,,,,,V,
10/18/2014,Kansas,,,,,,,,,Texas Tech,,,,,,,,,V,
10/18/2014,Kansas State,,,,,,,,,Oklahoma,,,,,,,,,V,
10/18/2014,Kent State,,,,,,,,,Army,,,,,,,,,H,
10/18/2014,Kentucky,,,,,,,,,Louisiana State,,,,,,,,,V,
10/18/2014,Louisiana State,,,,,,,,,Kentucky,,,,,,,,,H,
10/18/2014,Louisiana Tech,,,,,,,,,Texas-San Antonio,,,,,,,,,H,
10/18/2014,Louisville,,,,,,,,,No Carolina State,,,,,,,,,H,
10/18/2014,Marshall,,,,,,,,,Florida Intl,,,,,,,,,V,
10/18/2014,Maryland,,,,,,,,,Iowa,,,,,,,,,H,
10/18/2014,Massachusetts,,,,,,,,,Eastern Michigan,,,,,,,,,H,
10/18/2014,Miami-Ohio,,,,,,,,,Northern Illinois,,,,,,,,,V,
10/18/2014,Michigan State,,,,,,,,,Indiana,,,,,,,,,V,
10/18/2014,Middle Tennessee,,,,,,,,,U-A-B,,,,,,,,,H,
10/18/2014,Minnesota,,,,,,,,,Purdue,,,,,,,,,H,
10/18/2014,Mississippi,,,,,,,,,Tennessee,,,,,,,,,H,
10/18/2014,Missouri,,,,,,,,,Florida,,,,,,,,,V,
10/18/2014,Nebraska,,,,,,,,,Northwestern,,,,,,,,,V,
10/18/2014,Nevada-Reno,,,,,,,,,Brigham Young,,,,,,,,,V,
10/18/2014,New Mexico,,,,,,,,,Air Force,,,,,,,,,V,
10/18/2014,New Mexico State,,,,,,,,,Idaho,,,,,,,,,V,
10/18/2014,No Carolina State,,,,,,,,,Louisville,,,,,,,,,V,
10/18/2014,North Carolina,,,,,,,,,Georgia Tech,,,,,,,,,H,
10/18/2014,North Texas,,,,,,,,,Southern Miss,,,,,,,,,H,
10/18/2014,Northern Illinois,,,,,,,,,Miami-Ohio,,,,,,,,,H,
10/18/2014,Northwestern,,,,,,,,,Nebraska,,,,,,,,,H,
10/18/2014,Notre Dame,,,,,,,,,Florida State,,,,,,,,,V,
10/18/2014,Ohio,,,,,,,,,Akron,,,,,,,,,H,
10/18/2014,Ohio State,,,,,,,,,Rutgers,,,,,,,,,H,
10/18/2014,Oklahoma,,,,,,,,,Kansas State,,,,,,,,,H,
10/18/2014,Oklahoma State,,,,,,,,,Texas Christian,,,,,,,,,V,
10/18/2014,Oregon,,,,,,,,,Washington,,,,,,,,,H,
10/18/2014,Purdue,,,,,,,,,Minnesota,,,,,,,,,V,
10/18/2014,Rutgers,,,,,,,,,Ohio State,,,,,,,,,V,
10/18/2014,S-M-U,,,,,,,,,Cincinnati,,,,,,,,,H,
10/18/2014,San Diego State,,,,,,,,,Hawaii,,,,,,,,,H,
10/18/2014,San Jose State,,,,,,,,,Wyoming,,,,,,,,,V,
10/18/2014,South Alabama,,,,,,,,,Georgia State,,,,,,,,,H,
10/18/2014,South Carolina,,,,,,,,,Furman,,,,,,,,,H,
10/18/2014,South Florida,,,,,,,,,Tulsa,,,,,,,,,V,
10/18/2014,Southern Cal,,,,,,,,,Colorado,,,,,,,,,H,
10/18/2014,Southern Miss,,,,,,,,,North Texas,,,,,,,,,V,
10/18/2014,Stanford,,,,,,,,,Arizona State,,,,,,,,,V,
10/18/2014,Syracuse,,,,,,,,,Wake Forest,,,,,,,,,V,
10/18/2014,Tennessee,,,,,,,,,Mississippi,,,,,,,,,V,
10/18/2014,Texas,,,,,,,,,Iowa State,,,,,,,,,H,
10/18/2014,Texas A+M,,,,,,,,,Alabama,,,,,,,,,V,
10/18/2014,Texas Christian,,,,,,,,,Oklahoma State,,,,,,,,,H,
10/18/2014,Texas Tech,,,,,,,,,Kansas,,,,,,,,,H,
10/18/2014,Texas-San Antonio,,,,,,,,,Louisiana Tech,,,,,,,,,V,
10/18/2014,Troy,,,,,,,,,Appalachian State,,,,,,,,,H,
10/18/2014,Tulane,,,,,,,,,U-C-F,,,,,,,,,V,
10/18/2014,Tulsa,,,,,,,,,South Florida,,,,,,,,,H,
10/18/2014,U-A-B,,,,,,,,,Middle Tennessee,,,,,,,,,V,
10/18/2014,U-C-F,,,,,,,,,Tulane,,,,,,,,,H,
10/18/2014,U.C.L.A.,,,,,,,,,California,,,,,,,,,V,
10/18/2014,Utah State,,,,,,,,,Colorado State,,,,,,,,,V,
10/18/2014,Virginia,,,,,,,,,Duke,,,,,,,,,V,
10/18/2014,Wake Forest,,,,,,,,,Syracuse,,,,,,,,,H,
10/18/2014,Washington,,,,,,,,,Oregon,,,,,,,,,V,
10/18/2014,West Virginia,,,,,,,,,Baylor,,,,,,,,,H,
10/18/2014,Western Kentucky,,,,,,,,,Florida Atlantic,,,,,,,,,V,
10/18/2014,Western Michigan,,,,,,,,,Bowling Green,,,,,,,,,V,
10/18/2014,Wyoming,,,,,,,,,San Jose State,,,,,,,,,H,
10/21/2014,Arkansas State,,,,,,,,,UL-Lafayette,,,,,,,,,V,
10/21/2014,UL-Lafayette,,,,,,,,,Arkansas State,,,,,,,,,H,
10/23/2014,Connecticut,,,,,,,,,East Carolina,,,,,,,,,V,
10/23/2014,East Carolina,,,,,,,,,Connecticut,,,,,,,,,H,
10/23/2014,Miami-Florida,,,,,,,,,Virginia Tech,,,,,,,,,V,
10/23/2014,Virginia Tech,,,,,,,,,Miami-Florida,,,,,,,,,H,
10/24/2014,Boise State,,,,,,,,,Brigham Young,,,,,,,,,H,
10/24/2014,Brigham Young,,,,,,,,,Boise State,,,,,,,,,V,
10/24/2014,California,,,,,,,,,Oregon,,,,,,,,,N,
10/24/2014,Cincinnati,,,,,,,,,South Florida,,,,,,,,,H,
10/24/2014,Oregon,,,,,,,,,California,,,,,,,,,N,
10/24/2014,South Alabama,,,,,,,,,Troy,,,,,,,,,H,
10/24/2014,South Florida,,,,,,,,,Cincinnati,,,,,,,,,V,
10/24/2014,Troy,,,,,,,,,South Alabama,,,,,,,,,V,
10/25/2014,Akron,,,,,,,,,Ball State,,,,,,,,,V,
10/25/2014,Alabama,,,,,,,,,Tennessee,,,,,,,,,V,
10/25/2014,Arizona,,,,,,,,,Washington State,,,,,,,,,V,
10/25/2014,Arizona State,,,,,,,,,Washington,,,,,,,,,V,
10/25/2014,Arkansas,,,,,,,,,U-A-B,,,,,,,,,H,
10/25/2014,Auburn,,,,,,,,,South Carolina,,,,,,,,,H,
10/25/2014,Ball State,,,,,,,,,Akron,,,,,,,,,H,
10/25/2014,Boston College,,,,,,,,,Wake Forest,,,,,,,,,V,
10/25/2014,Buffalo,,,,,,,,,Central Michigan,,,,,,,,,H,
10/25/2014,Central Michigan,,,,,,,,,Buffalo,,,,,,,,,V,
10/25/2014,Clemson,,,,,,,,,Syracuse,,,,,,,,,H,
10/25/2014,Colorado,,,,,,,,,U.C.L.A.,,,,,,,,,H,
10/25/2014,Colorado State,,,,,,,,,Wyoming,,,,,,,,,H,
10/25/2014,Eastern Michigan,,,,,,,,,Northern Illinois,,,,,,,,,H,
10/25/2014,Florida Atlantic,,,,,,,,,Marshall,,,,,,,,,V,
10/25/2014,Georgia Southern,,,,,,,,,Georgia State,,,,,,,,,V,
10/25/2014,Georgia State,,,,,,,,,Georgia Southern,,,,,,,,,H,
10/25/2014,Georgia Tech,,,,,,,,,Pittsburgh,,,,,,,,,V,
10/25/2014,Hawaii,,,,,,,,,Nevada-Reno,,,,,,,,,H,
10/25/2014,Illinois,,,,,,,,,Minnesota,,,,,,,,,H,
10/25/2014,Kansas State,,,,,,,,,Texas,,,,,,,,,H,
10/25/2014,Kent State,,,,,,,,,Miami-Ohio,,,,,,,,,V,
10/25/2014,Kentucky,,,,,,,,,Mississippi State,,,,,,,,,H,
10/25/2014,Louisiana State,,,,,,,,,Mississippi,,,,,,,,,H,
10/25/2014,Louisiana Tech,,,,,,,,,Southern Miss,,,,,,,,,V,
10/25/2014,Marshall,,,,,,,,,Florida Atlantic,,,,,,,,,H,
10/25/2014,Maryland,,,,,,,,,Wisconsin,,,,,,,,,V,
10/25/2014,Massachusetts,,,,,,,,,Toledo,,,,,,,,,V,
10/25/2014,Memphis,,,,,,,,,S-M-U,,,,,,,,,V,
10/25/2014,Miami-Ohio,,,,,,,,,Kent State,,,,,,,,,H,
10/25/2014,Michigan,,,,,,,,,Michigan State,,,,,,,,,V,
10/25/2014,Michigan State,,,,,,,,,Michigan,,,,,,,,,H,
10/25/2014,Minnesota,,,,,,,,,Illinois,,,,,,,,,V,
10/25/2014,Mississippi,,,,,,,,,Louisiana State,,,,,,,,,V,
10/25/2014,Mississippi State,,,,,,,,,Kentucky,,,,,,,,,V,
10/25/2014,Missouri,,,,,,,,,Vanderbilt,,,,,,,,,H,
10/25/2014,Navy,,,,,,,,,San Jose State,,,,,,,,,H,
10/25/2014,Nebraska,,,,,,,,,Rutgers,,,,,,,,,H,
10/25/2014,Nevada-Las Vegas,,,,,,,,,Utah State,,,,,,,,,V,
10/25/2014,Nevada-Reno,,,,,,,,,Hawaii,,,,,,,,,V,
10/25/2014,North Carolina,,,,,,,,,Virginia,,,,,,,,,V,
10/25/2014,North Texas,,,,,,,,,Rice,,,,,,,,,V,
10/25/2014,Northern Illinois,,,,,,,,,Eastern Michigan,,,,,,,,,V,
10/25/2014,Ohio,,,,,,,,,Western Michigan,,,,,,,,,V,
10/25/2014,Ohio State,,,,,,,,,Penn State,,,,,,,,,V,
10/25/2014,Oklahoma State,,,,,,,,,West Virginia,,,,,,,,,H,
10/25/2014,Old Dominion,,,,,,,,,Western Kentucky,,,,,,,,,V,
10/25/2014,Oregon State,,,,,,,,,Stanford,,,,,,,,,V,
10/25/2014,Penn State,,,,,,,,,Ohio State,,,,,,,,,H,
10/25/2014,Pittsburgh,,,,,,,,,Georgia Tech,,,,,,,,,H,
10/25/2014,Rice,,,,,,,,,North Texas,,,,,,,,,H,
10/25/2014,Rutgers,,,,,,,,,Nebraska,,,,,,,,,V,
10/25/2014,S-M-U,,,,,,,,,Memphis,,,,,,,,,H,
10/25/2014,San Jose State,,,,,,,,,Navy,,,,,,,,,V,
10/25/2014,South Carolina,,,,,,,,,Auburn,,,,,,,,,V,
10/25/2014,Southern Cal,,,,,,,,,Utah,,,,,,,,,V,
10/25/2014,Southern Miss,,,,,,,,,Louisiana Tech,,,,,,,,,H,
10/25/2014,Stanford,,,,,,,,,Oregon State,,,,,,,,,H,
10/25/2014,Syracuse,,,,,,,,,Clemson,,,,,,,,,V,
10/25/2014,Temple,,,,,,,,,U-C-F,,,,,,,,,V,
10/25/2014,Tennessee,,,,,,,,,Alabama,,,,,,,,,H,
10/25/2014,Texas,,,,,,,,,Kansas State,,,,,,,,,V,
10/25/2014,Texas Christian,,,,,,,,,Texas Tech,,,,,,,,,H,
10/25/2014,Texas State,,,,,,,,,UL-Monroe,,,,,,,,,V,
10/25/2014,Texas Tech,,,,,,,,,Texas Christian,,,,,,,,,V,
10/25/2014,Texas-San Antonio,,,,,,,,,UTEP,,,,,,,,,H,
10/25/2014,Toledo,,,,,,,,,Massachusetts,,,,,,,,,H,
10/25/2014,U-A-B,,,,,,,,,Arkansas,,,,,,,,,V,
10/25/2014,U-C-F,,,,,,,,,Temple,,,,,,,,,H,
10/25/2014,U.C.L.A.,,,,,,,,,Colorado,,,,,,,,,V,
10/25/2014,UL-Monroe,,,,,,,,,Texas State,,,,,,,,,H,
10/25/2014,UTEP,,,,,,,,,Texas-San Antonio,,,,,,,,,V,
10/25/2014,Utah,,,,,,,,,Southern Cal,,,,,,,,,H,
10/25/2014,Utah State,,,,,,,,,Nevada-Las Vegas,,,,,,,,,H,
10/25/2014,Vanderbilt,,,,,,,,,Missouri,,,,,,,,,V,
10/25/2014,Virginia,,,,,,,,,North Carolina,,,,,,,,,H,
10/25/2014,Wake Forest,,,,,,,,,Boston College,,,,,,,,,H,
10/25/2014,Washington,,,,,,,,,Arizona State,,,,,,,,,H,
10/25/2014,Washington State,,,,,,,,,Arizona,,,,,,,,,H,
10/25/2014,West Virginia,,,,,,,,,Oklahoma State,,,,,,,,,V,
10/25/2014,Western Kentucky,,,,,,,,,Old Dominion,,,,,,,,,H,
10/25/2014,Western Michigan,,,,,,,,,Ohio,,,,,,,,,H,
10/25/2014,Wisconsin,,,,,,,,,Maryland,,,,,,,,,H,
10/25/2014,Wyoming,,,,,,,,,Colorado State,,,,,,,,,V,
10/30/2014,Florida State,,,,,,,,,Louisville,,,,,,,,,V,
10/30/2014,Georgia Southern,,,,,,,,,Troy,,,,,,,,,H,
10/30/2014,Louisville,,,,,,,,,Florida State,,,,,,,,,H,
10/30/2014,Troy,,,,,,,,,Georgia Southern,,,,,,,,,V,
10/31/2014,Cincinnati,,,,,,,,,Tulane,,,,,,,,,V,
10/31/2014,Memphis,,,,,,,,,Tulsa,,,,,,,,,H,
10/31/2014,Tulane,,,,,,,,,Cincinnati,,,,,,,,,H,
10/31/2014,Tulsa,,,,,,,,,Memphis,,,,,,,,,V,
11/01/2014,Air Force,,,,,,,,,Army,,,,,,,,,V,
11/01/2014,Appalachian State,,,,,,,,,Georgia State,,,,,,,,,H,
11/01/2014,Arizona,,,,,,,,,U.C.L.A.,,,,,,,,,V,
11/01/2014,Arizona State,,,,,,,,,Utah,,,,,,,,,H,
11/01/2014,Arkansas,,,,,,,,,Mississippi State,,,,,,,,,V,
11/01/2014,Arkansas State,,,,,,,,,Idaho,,,,,,,,,V,
11/01/2014,Army,,,,,,,,,Air Force,,,,,,,,,H,
11/01/2014,Auburn,,,,,,,,,Mississippi,,,,,,,,,V,
11/01/2014,Baylor,,,,,,,,,Kansas,,,,,,,,,H,
11/01/2014,Boston College,,,,,,,,,Virginia Tech,,,,,,,,,V,
11/01/2014,Brigham Young,,,,,,,,,Middle Tennessee,,,,,,,,,V,
11/01/2014,California,,,,,,,,,Oregon State,,,,,,,,,V,
11/01/2014,Central Michigan,,,,,,,,,Eastern Michigan,,,,,,,,,V,
11/01/2014,Colorado,,,,,,,,,Washington,,,,,,,,,H,
11/01/2014,Colorado State,,,,,,,,,San Jose State,,,,,,,,,V,
11/01/2014,Connecticut,,,,,,,,,U-C-F,,,,,,,,,H,
11/01/2014,Duke,,,,,,,,,Pittsburgh,,,,,,,,,V,
11/01/2014,East Carolina,,,,,,,,,Temple,,,,,,,,,V,
11/01/2014,Eastern Michigan,,,,,,,,,Central Michigan,,,,,,,,,H,
11/01/2014,Florida,,,,,,,,,Georgia,,,,,,,,,N,
11/01/2014,Florida Atlantic,,,,,,,,,U-A-B,,,,,,,,,H,
11/01/2014,Florida Intl,,,,,,,,,Rice,,,,,,,,,H,
11/01/2014,Fresno State,,,,,,,,,Wyoming,,,,,,,,,H,
11/01/2014,Georgia,,,,,,,,,Florida,,,,,,,,,N,
11/01/2014,Georgia State,,,,,,,,,Appalachian State,,,,,,,,,V,
11/01/2014,Georgia Tech,,,,,,,,,Virginia,,,,,,,,,H,
11/01/2014,Hawaii,,,,,,,,,Utah State,,,,,,,,,H,
11/01/2014,Houston,,,,,,,,,South Florida,,,,,,,,,V,
11/01/2014,Idaho,,,,,,,,,Arkansas State,,,,,,,,,H,
11/01/2014,Illinois,,,,,,,,,Ohio State,,,,,,,,,V,
11/01/2014,Indiana,,,,,,,,,Michigan,,,,,,,,,V,
11/01/2014,Iowa,,,,,,,,,Northwestern,,,,,,,,,H,
11/01/2014,Iowa State,,,,,,,,,Oklahoma,,,,,,,,,H,
11/01/2014,Kansas,,,,,,,,,Baylor,,,,,,,,,V,
11/01/2014,Kansas State,,,,,,,,,Oklahoma State,,,,,,,,,H,
11/01/2014,Kentucky,,,,,,,,,Missouri,,,,,,,,,V,
11/01/2014,Louisiana Tech,,,,,,,,,Western Kentucky,,,,,,,,,H,
11/01/2014,Maryland,,,,,,,,,Penn State,,,,,,,,,V,
11/01/2014,Miami-Florida,,,,,,,,,North Carolina,,,,,,,,,H,
11/01/2014,Miami-Ohio,,,,,,,,,Western Michigan,,,,,,,,,H,
11/01/2014,Michigan,,,,,,,,,Indiana,,,,,,,,,H,
11/01/2014,Middle Tennessee,,,,,,,,,Brigham Young,,,,,,,,,H,
11/01/2014,Mississippi,,,,,,,,,Auburn,,,,,,,,,H,
11/01/2014,Mississippi State,,,,,,,,,Arkansas,,,,,,,,,H,
11/01/2014,Missouri,,,,,,,,,Kentucky,,,,,,,,,H,
11/01/2014,Navy,,,,,,,,,Notre Dame,,,,,,,,,N,
11/01/2014,Nebraska,,,,,,,,,Purdue,,,,,,,,,H,
11/01/2014,Nevada-Las Vegas,,,,,,,,,New Mexico,,,,,,,,,H,
11/01/2014,Nevada-Reno,,,,,,,,,San Diego State,,,,,,,,,H,
11/01/2014,New Mexico,,,,,,,,,Nevada-Las Vegas,,,,,,,,,V,
11/01/2014,New Mexico State,,,,,,,,,Texas State,,,,,,,,,H,
11/01/2014,No Carolina State,,,,,,,,,Syracuse,,,,,,,,,V,
11/01/2014,North Carolina,,,,,,,,,Miami-Florida,,,,,,,,,V,
11/01/2014,Northwestern,,,,,,,,,Iowa,,,,,,,,,V,
11/01/2014,Notre Dame,,,,,,,,,Navy,,,,,,,,,N,
11/01/2014,Ohio State,,,,,,,,,Illinois,,,,,,,,,H,
11/01/2014,Oklahoma,,,,,,,,,Iowa State,,,,,,,,,V,
11/01/2014,Oklahoma State,,,,,,,,,Kansas State,,,,,,,,,V,
11/01/2014,Old Dominion,,,,,,,,,Vanderbilt,,,,,,,,,V,
11/01/2014,Oregon,,,,,,,,,Stanford,,,,,,,,,H,
11/01/2014,Oregon State,,,,,,,,,California,,,,,,,,,H,
11/01/2014,Penn State,,,,,,,,,Maryland,,,,,,,,,H,
11/01/2014,Pittsburgh,,,,,,,,,Duke,,,,,,,,,H,
11/01/2014,Purdue,,,,,,,,,Nebraska,,,,,,,,,V,
11/01/2014,Rice,,,,,,,,,Florida Intl,,,,,,,,,V,
11/01/2014,Rutgers,,,,,,,,,Wisconsin,,,,,,,,,H,
11/01/2014,San Diego State,,,,,,,,,Nevada-Reno,,,,,,,,,V,
11/01/2014,San Jose State,,,,,,,,,Colorado State,,,,,,,,,H,
11/01/2014,South Alabama,,,,,,,,,UL-Lafayette,,,,,,,,,V,
11/01/2014,South Carolina,,,,,,,,,Tennessee,,,,,,,,,H,
11/01/2014,South Florida,,,,,,,,,Houston,,,,,,,,,H,
11/01/2014,Southern Cal,,,,,,,,,Washington State,,,,,,,,,V,
11/01/2014,Southern Miss,,,,,,,,,UTEP,,,,,,,,,V,
11/01/2014,Stanford,,,,,,,,,Oregon,,,,,,,,,V,
11/01/2014,Syracuse,,,,,,,,,No Carolina State,,,,,,,,,H,
11/01/2014,Temple,,,,,,,,,East Carolina,,,,,,,,,H,
11/01/2014,Tennessee,,,,,,,,,South Carolina,,,,,,,,,V,
11/01/2014,Texas,,,,,,,,,Texas Tech,,,,,,,,,V,
11/01/2014,Texas A+M,,,,,,,,,UL-Monroe,,,,,,,,,H,
11/01/2014,Texas Christian,,,,,,,,,West Virginia,,,,,,,,,V,
11/01/2014,Texas State,,,,,,,,,New Mexico State,,,,,,,,,V,
11/01/2014,Texas Tech,,,,,,,,,Texas,,,,,,,,,H,
11/01/2014,U-A-B,,,,,,,,,Florida Atlantic,,,,,,,,,V,
11/01/2014,U-C-F,,,,,,,,,Connecticut,,,,,,,,,V,
11/01/2014,U.C.L.A.,,,,,,,,,Arizona,,,,,,,,,H,
11/01/2014,UL-Lafayette,,,,,,,,,South Alabama,,,,,,,,,H,
11/01/2014,UL-Monroe,,,,,,,,,Texas A+M,,,,,,,,,V,
11/01/2014,UTEP,,,,,,,,,Southern Miss,,,,,,,,,H,
11/01/2014,Utah,,,,,,,,,Arizona State,,,,,,,,,V,
11/01/2014,Utah State,,,,,,,,,Hawaii,,,,,,,,,V,
11/01/2014,Vanderbilt,,,,,,,,,Old Dominion,,,,,,,,,H,
11/01/2014,Virginia,,,,,,,,,Georgia Tech,,,,,,,,,V,
11/01/2014,Virginia Tech,,,,,,,,,Boston College,,,,,,,,,H,
11/01/2014,Washington,,,,,,,,,Colorado,,,,,,,,,V,
11/01/2014,Washington State,,,,,,,,,Southern Cal,,,,,,,,,H,
11/01/2014,West Virginia,,,,,,,,,Texas Christian,,,,,,,,,H,
11/01/2014,Western Kentucky,,,,,,,,,Louisiana Tech,,,,,,,,,V,
11/01/2014,Western Michigan,,,,,,,,,Miami-Ohio,,,,,,,,,V,
11/01/2014,Wisconsin,,,,,,,,,Rutgers,,,,,,,,,V,
11/01/2014,Wyoming,,,,,,,,,Fresno State,,,,,,,,,V,
11/04/2014,Akron,,,,,,,,,Bowling Green,,,,,,,,,H,
11/04/2014,Bowling Green,,,,,,,,,Akron,,,,,,,,,V,
11/04/2014,Kent State,,,,,,,,,Toledo,,,,,,,,,H,
11/04/2014,Toledo,,,,,,,,,Kent State,,,,,,,,,V,
11/05/2014,Ball State,,,,,,,,,Northern Illinois,,,,,,,,,H,
11/05/2014,Buffalo,,,,,,,,,Ohio,,,,,,,,,V,
11/05/2014,Northern Illinois,,,,,,,,,Ball State,,,,,,,,,V,
11/05/2014,Ohio,,,,,,,,,Buffalo,,,,,,,,,H,
11/06/2014,Clemson,,,,,,,,,Wake Forest,,,,,,,,,V,
11/06/2014,Wake Forest,,,,,,,,,Clemson,,,,,,,,,H,
11/07/2014,Memphis,,,,,,,,,Temple,,,,,,,,,V,
11/07/2014,Temple,,,,,,,,,Memphis,,,,,,,,,H,
11/07/2014,Utah State,,,,,,,,,Wyoming,,,,,,,,,V,
11/07/2014,Wyoming,,,,,,,,,Utah State,,,,,,,,,H,
11/08/2014,Air Force,,,,,,,,,Nevada-Las Vegas,,,,,,,,,V,
11/08/2014,Alabama,,,,,,,,,Louisiana State,,,,,,,,,V,
11/08/2014,Appalachian State,,,,,,,,,UL-Monroe,,,,,,,,,H,
11/08/2014,Arizona,,,,,,,,,Colorado,,,,,,,,,H,
11/08/2014,Arizona State,,,,,,,,,Notre Dame,,,,,,,,,H,
11/08/2014,Arkansas State,,,,,,,,,South Alabama,,,,,,,,,H,
11/08/2014,Army,,,,,,,,,Connecticut,,,,,,,,,H,
11/08/2014,Auburn,,,,,,,,,Texas A+M,,,,,,,,,H,
11/08/2014,Baylor,,,,,,,,,Oklahoma,,,,,,,,,V,
11/08/2014,Boise State,,,,,,,,,New Mexico,,,,,,,,,V,
11/08/2014,Boston College,,,,,,,,,Louisville,,,,,,,,,H,
11/08/2014,Colorado,,,,,,,,,Arizona,,,,,,,,,V,
11/08/2014,Colorado State,,,,,,,,,Hawaii,,,,,,,,,H,
11/08/2014,Connecticut,,,,,,,,,Army,,,,,,,,,V,
11/08/2014,Duke,,,,,,,,,Syracuse,,,,,,,,,V,
11/08/2014,Florida,,,,,,,,,Vanderbilt,,,,,,,,,V,
11/08/2014,Florida Atlantic,,,,,,,,,North Texas,,,,,,,,,V,
11/08/2014,Florida Intl,,,,,,,,,Old Dominion,,,,,,,,,V,
11/08/2014,Florida State,,,,,,,,,Virginia,,,,,,,,,H,
11/08/2014,Fresno State,,,,,,,,,San Jose State,,,,,,,,,H,
11/08/2014,Georgia,,,,,,,,,Kentucky,,,,,,,,,V,
11/08/2014,Georgia Southern,,,,,,,,,Texas State,,,,,,,,,V,
11/08/2014,Georgia State,,,,,,,,,Troy,,,,,,,,,V,
11/08/2014,Georgia Tech,,,,,,,,,No Carolina State,,,,,,,,,V,
11/08/2014,Hawaii,,,,,,,,,Colorado State,,,,,,,,,V,
11/08/2014,Houston,,,,,,,,,Tulane,,,,,,,,,H,
11/08/2014,Idaho,,,,,,,,,San Diego State,,,,,,,,,V,
11/08/2014,Indiana,,,,,,,,,Penn State,,,,,,,,,H,
11/08/2014,Iowa,,,,,,,,,Minnesota,,,,,,,,,V,
11/08/2014,Iowa State,,,,,,,,,Kansas,,,,,,,,,V,
11/08/2014,Kansas,,,,,,,,,Iowa State,,,,,,,,,H,
11/08/2014,Kansas State,,,,,,,,,Texas Christian,,,,,,,,,V,
11/08/2014,Kentucky,,,,,,,,,Georgia,,,,,,,,,H,
11/08/2014,Louisiana State,,,,,,,,,Alabama,,,,,,,,,H,
11/08/2014,Louisiana Tech,,,,,,,,,U-A-B,,,,,,,,,V,
11/08/2014,Louisville,,,,,,,,,Boston College,,,,,,,,,V,
11/08/2014,Marshall,,,,,,,,,Southern Miss,,,,,,,,,V,
11/08/2014,Michigan,,,,,,,,,Northwestern,,,,,,,,,V,
11/08/2014,Michigan State,,,,,,,,,Ohio State,,,,,,,,,H,
11/08/2014,Minnesota,,,,,,,,,Iowa,,,,,,,,,H,
11/08/2014,Mississippi,,,,,,,,,Presbyterian,,,,,,,,,H,
11/08/2014,Mississippi State,,,,,,,,,Tennessee-Martin,,,,,,,,,H,
11/08/2014,Nevada-Las Vegas,,,,,,,,,Air Force,,,,,,,,,H,
11/08/2014,New Mexico,,,,,,,,,Boise State,,,,,,,,,H,
11/08/2014,New Mexico State,,,,,,,,,UL-Lafayette,,,,,,,,,H,
11/08/2014,No Carolina State,,,,,,,,,Georgia Tech,,,,,,,,,H,
11/08/2014,North Texas,,,,,,,,,Florida Atlantic,,,,,,,,,H,
11/08/2014,Northwestern,,,,,,,,,Michigan,,,,,,,,,H,
11/08/2014,Notre Dame,,,,,,,,,Arizona State,,,,,,,,,V,
11/08/2014,Ohio State,,,,,,,,,Michigan State,,,,,,,,,V,
11/08/2014,Oklahoma,,,,,,,,,Baylor,,,,,,,,,H,
11/08/2014,Old Dominion,,,,,,,,,Florida Intl,,,,,,,,,H,
11/08/2014,Oregon,,,,,,,,,Utah,,,,,,,,,V,
11/08/2014,Oregon State,,,,,,,,,Washington State,,,,,,,,,H,
11/08/2014,Penn State,,,,,,,,,Indiana,,,,,,,,,V,
11/08/2014,Purdue,,,,,,,,,Wisconsin,,,,,,,,,H,
11/08/2014,Rice,,,,,,,,,Texas-San Antonio,,,,,,,,,H,
11/08/2014,S-M-U,,,,,,,,,Tulsa,,,,,,,,,V,
11/08/2014,San Diego State,,,,,,,,,Idaho,,,,,,,,,H,
11/08/2014,San Jose State,,,,,,,,,Fresno State,,,,,,,,,V,
11/08/2014,South Alabama,,,,,,,,,Arkansas State,,,,,,,,,V,
11/08/2014,Southern Miss,,,,,,,,,Marshall,,,,,,,,,H,
11/08/2014,Syracuse,,,,,,,,,Duke,,,,,,,,,H,
11/08/2014,Texas,,,,,,,,,West Virginia,,,,,,,,,H,
11/08/2014,Texas A+M,,,,,,,,,Auburn,,,,,,,,,V,
11/08/2014,Texas Christian,,,,,,,,,Kansas State,,,,,,,,,H,
11/08/2014,Texas State,,,,,,,,,Georgia Southern,,,,,,,,,H,
11/08/2014,Texas-San Antonio,,,,,,,,,Rice,,,,,,,,,V,
11/08/2014,Troy,,,,,,,,,Georgia State,,,,,,,,,H,
11/08/2014,Tulane,,,,,,,,,Houston,,,,,,,,,V,
11/08/2014,Tulsa,,,,,,,,,S-M-U,,,,,,,,,H,
11/08/2014,U-A-B,,,,,,,,,Louisiana Tech,,,,,,,,,H,
11/08/2014,U.C.L.A.,,,,,,,,,Washington,,,,,,,,,V,
11/08/2014,UL-Lafayette,,,,,,,,,New Mexico State,,,,,,,,,V,
11/08/2014,UL-Monroe,,,,,,,,,Appalachian State,,,,,,,,,V,
11/08/2014,UTEP,,,,,,,,,Western Kentucky,,,,,,,,,V,
11/08/2014,Utah,,,,,,,,,Oregon,,,,,,,,,H,
11/08/2014,Vanderbilt,,,,,,,,,Florida,,,,,,,,,H,
11/08/2014,Virginia,,,,,,,,,Florida State,,,,,,,,,V,
11/08/2014,Washington,,,,,,,,,U.C.L.A.,,,,,,,,,H,
11/08/2014,Washington State,,,,,,,,,Oregon State,,,,,,,,,V,
11/08/2014,West Virginia,,,,,,,,,Texas,,,,,,,,,V,
11/08/2014,Western Kentucky,,,,,,,,,UTEP,,,,,,,,,H,
11/08/2014,Wisconsin,,,,,,,,,Purdue,,,,,,,,,V,
11/11/2014,Akron,,,,,,,,,Buffalo,,,,,,,,,V,
11/11/2014,Buffalo,,,,,,,,,Akron,,,,,,,,,H,
11/11/2014,Northern Illinois,,,,,,,,,Toledo,,,,,,,,,H,
11/11/2014,Toledo,,,,,,,,,Northern Illinois,,,,,,,,,V,
11/12/2014,Ball State,,,,,,,,,Massachusetts,,,,,,,,,V,
11/12/2014,Bowling Green,,,,,,,,,Kent State,,,,,,,,,H,
11/12/2014,Kent State,,,,,,,,,Bowling Green,,,,,,,,,V,
11/12/2014,Massachusetts,,,,,,,,,Ball State,,,,,,,,,H,
11/13/2014,California,,,,,,,,,Southern Cal,,,,,,,,,V,
11/13/2014,Cincinnati,,,,,,,,,East Carolina,,,,,,,,,H,
11/13/2014,East Carolina,,,,,,,,,Cincinnati,,,,,,,,,V,
11/13/2014,Southern Cal,,,,,,,,,California,,,,,,,,,H,
11/13/2014,Southern Miss,,,,,,,,,Texas-San Antonio,,,,,,,,,V,
11/13/2014,Texas-San Antonio,,,,,,,,,Southern Miss,,,,,,,,,H,
11/14/2014,Tulsa,,,,,,,,,U-C-F,,,,,,,,,V,
11/14/2014,U-C-F,,,,,,,,,Tulsa,,,,,,,,,H,
11/15/2014,Air Force,,,,,,,,,Nevada-Reno,,,,,,,,,H,
11/15/2014,Alabama,,,,,,,,,Mississippi State,,,,,,,,,H,
11/15/2014,Appalachian State,,,,,,,,,Arkansas State,,,,,,,,,V,
11/15/2014,Arizona,,,,,,,,,Washington,,,,,,,,,H,
11/15/2014,Arizona State,,,,,,,,,Oregon State,,,,,,,,,V,
11/15/2014,Arkansas,,,,,,,,,Louisiana State,,,,,,,,,H,
11/15/2014,Arkansas State,,,,,,,,,Appalachian State,,,,,,,,,H,
11/15/2014,Army,,,,,,,,,Western Kentucky,,,,,,,,,V,
11/15/2014,Auburn,,,,,,,,,Georgia,,,,,,,,,V,
11/15/2014,Boise State,,,,,,,,,San Diego State,,,,,,,,,H,
11/15/2014,Brigham Young,,,,,,,,,Nevada-Las Vegas,,,,,,,,,H,
11/15/2014,Central Michigan,,,,,,,,,Miami-Ohio,,,,,,,,,H,
11/15/2014,Clemson,,,,,,,,,Georgia Tech,,,,,,,,,V,
11/15/2014,Duke,,,,,,,,,Virginia Tech,,,,,,,,,H,
11/15/2014,Eastern Michigan,,,,,,,,,Western Michigan,,,,,,,,,V,
11/15/2014,Florida,,,,,,,,,South Carolina,,,,,,,,,H,
11/15/2014,Florida Intl,,,,,,,,,Middle Tennessee,,,,,,,,,H,
11/15/2014,Florida State,,,,,,,,,Miami-Florida,,,,,,,,,V,
11/15/2014,Georgia,,,,,,,,,Auburn,,,,,,,,,H,
11/15/2014,Georgia Southern,,,,,,,,,Navy,,,,,,,,,V,
11/15/2014,Georgia Tech,,,,,,,,,Clemson,,,,,,,,,H,
11/15/2014,Hawaii,,,,,,,,,San Jose State,,,,,,,,,V,
11/15/2014,Idaho,,,,,,,,,Troy,,,,,,,,,H,
11/15/2014,Illinois,,,,,,,,,Iowa,,,,,,,,,H,
11/15/2014,Indiana,,,,,,,,,Rutgers,,,,,,,,,V,
11/15/2014,Iowa,,,,,,,,,Illinois,,,,,,,,,V,
11/15/2014,Kansas,,,,,,,,,Texas Christian,,,,,,,,,H,
11/15/2014,Kentucky,,,,,,,,,Tennessee,,,,,,,,,V,
11/15/2014,Louisiana State,,,,,,,,,Arkansas,,,,,,,,,V,
11/15/2014,Marshall,,,,,,,,,Rice,,,,,,,,,H,
11/15/2014,Maryland,,,,,,,,,Michigan State,,,,,,,,,H,
11/15/2014,Memphis,,,,,,,,,Tulane,,,,,,,,,V,
11/15/2014,Miami-Florida,,,,,,,,,Florida State,,,,,,,,,H,
11/15/2014,Miami-Ohio,,,,,,,,,Central Michigan,,,,,,,,,V,
11/15/2014,Michigan State,,,,,,,,,Maryland,,,,,,,,,V,
11/15/2014,Middle Tennessee,,,,,,,,,Florida Intl,,,,,,,,,V,
11/15/2014,Minnesota,,,,,,,,,Ohio State,,,,,,,,,H,
11/15/2014,Mississippi State,,,,,,,,,Alabama,,,,,,,,,V,
11/15/2014,Missouri,,,,,,,,,Texas A+M,,,,,,,,,V,
11/15/2014,Navy,,,,,,,,,Georgia Southern,,,,,,,,,H,
11/15/2014,Nebraska,,,,,,,,,Wisconsin,,,,,,,,,V,
11/15/2014,Nevada-Las Vegas,,,,,,,,,Brigham Young,,,,,,,,,V,
11/15/2014,Nevada-Reno,,,,,,,,,Air Force,,,,,,,,,V,
11/15/2014,New Mexico,,,,,,,,,Utah State,,,,,,,,,V,
11/15/2014,No Carolina State,,,,,,,,,Wake Forest,,,,,,,,,H,
11/15/2014,North Carolina,,,,,,,,,Pittsburgh,,,,,,,,,H,
11/15/2014,North Texas,,,,,,,,,UTEP,,,,,,,,,V,
11/15/2014,Northwestern,,,,,,,,,Notre Dame,,,,,,,,,V,
11/15/2014,Notre Dame,,,,,,,,,Northwestern,,,,,,,,,H,
11/15/2014,Ohio State,,,,,,,,,Minnesota,,,,,,,,,V,
11/15/2014,Oklahoma,,,,,,,,,Texas Tech,,,,,,,,,V,
11/15/2014,Oklahoma State,,,,,,,,,Texas,,,,,,,,,H,
11/15/2014,Oregon State,,,,,,,,,Arizona State,,,,,,,,,H,
11/15/2014,Penn State,,,,,,,,,Temple,,,,,,,,,H,
11/15/2014,Pittsburgh,,,,,,,,,North Carolina,,,,,,,,,V,
11/15/2014,Rice,,,,,,,,,Marshall,,,,,,,,,V,
11/15/2014,Rutgers,,,,,,,,,Indiana,,,,,,,,,H,
11/15/2014,S-M-U,,,,,,,,,South Florida,,,,,,,,,H,
11/15/2014,San Diego State,,,,,,,,,Boise State,,,,,,,,,V,
11/15/2014,San Jose State,,,,,,,,,Hawaii,,,,,,,,,H,
11/15/2014,South Alabama,,,,,,,,,Texas State,,,,,,,,,H,
11/15/2014,South Carolina,,,,,,,,,Florida,,,,,,,,,V,
11/15/2014,South Florida,,,,,,,,,S-M-U,,,,,,,,,V,
11/15/2014,Stanford,,,,,,,,,Utah,,,,,,,,,H,
11/15/2014,Temple,,,,,,,,,Penn State,,,,,,,,,V,
11/15/2014,Tennessee,,,,,,,,,Kentucky,,,,,,,,,H,
11/15/2014,Texas,,,,,,,,,Oklahoma State,,,,,,,,,V,
11/15/2014,Texas A+M,,,,,,,,,Missouri,,,,,,,,,H,
11/15/2014,Texas Christian,,,,,,,,,Kansas,,,,,,,,,V,
11/15/2014,Texas State,,,,,,,,,South Alabama,,,,,,,,,V,
11/15/2014,Texas Tech,,,,,,,,,Oklahoma,,,,,,,,,H,
11/15/2014,Troy,,,,,,,,,Idaho,,,,,,,,,V,
11/15/2014,Tulane,,,,,,,,,Memphis,,,,,,,,,H,
11/15/2014,UL-Lafayette,,,,,,,,,UL-Monroe,,,,,,,,,V,
11/15/2014,UL-Monroe,,,,,,,,,UL-Lafayette,,,,,,,,,H,
11/15/2014,UTEP,,,,,,,,,North Texas,,,,,,,,,H,
11/15/2014,Utah,,,,,,,,,Stanford,,,,,,,,,V,
11/15/2014,Utah State,,,,,,,,,New Mexico,,,,,,,,,H,
11/15/2014,Virginia Tech,,,,,,,,,Duke,,,,,,,,,V,
11/15/2014,Wake Forest,,,,,,,,,No Carolina State,,,,,,,,,V,
11/15/2014,Washington,,,,,,,,,Arizona,,,,,,,,,V,
11/15/2014,Western Kentucky,,,,,,,,,Army,,,,,,,,,H,
11/15/2014,Western Michigan,,,,,,,,,Eastern Michigan,,,,,,,,,H,
11/15/2014,Wisconsin,,,,,,,,,Nebraska,,,,,,,,,H,
11/18/2014,Akron,,,,,,,,,Massachusetts,,,,,,,,,H,
11/18/2014,Massachusetts,,,,,,,,,Akron,,,,,,,,,V,
11/18/2014,Northern Illinois,,,,,,,,,Ohio,,,,,,,,,V,
11/18/2014,Ohio,,,,,,,,,Northern Illinois,,,,,,,,,H,
11/19/2014,Bowling Green,,,,,,,,,Toledo,,,,,,,,,V,
11/19/2014,Buffalo,,,,,,,,,Kent State,,,,,,,,,H,
11/19/2014,Kent State,,,,,,,,,Buffalo,,,,,,,,,V,
11/19/2014,Toledo,,,,,,,,,Bowling Green,,,,,,,,,H,
11/20/2014,Arkansas State,,,,,,,,,Texas State,,,,,,,,,V,
11/20/2014,Duke,,,,,,,,,North Carolina,,,,,,,,,H,
11/20/2014,Kansas State,,,,,,,,,West Virginia,,,,,,,,,V,
11/20/2014,North Carolina,,,,,,,,,Duke,,,,,,,,,V,
11/20/2014,Texas State,,,,,,,,,Arkansas State,,,,,,,,,H,
11/20/2014,West Virginia,,,,,,,,,Kansas State,,,,,,,,,H,
11/21/2014,Air Force,,,,,,,,,San Diego State,,,,,,,,,V,
11/21/2014,Rice,,,,,,,,,UTEP,,,,,,,,,H,
11/21/2014,San Diego State,,,,,,,,,Air Force,,,,,,,,,H,
11/21/2014,San Jose State,,,,,,,,,Utah State,,,,,,,,,V,
11/21/2014,UTEP,,,,,,,,,Rice,,,,,,,,,V,
11/21/2014,Utah State,,,,,,,,,San Jose State,,,,,,,,,H,
11/22/2014,Alabama,,,,,,,,,Western Carolina,,,,,,,,,H,
11/22/2014,Appalachian State,,,,,,,,,UL-Lafayette,,,,,,,,,V,
11/22/2014,Arizona,,,,,,,,,Utah,,,,,,,,,V,
11/22/2014,Arizona State,,,,,,,,,Washington State,,,,,,,,,H,
11/22/2014,Arkansas,,,,,,,,,Mississippi,,,,,,,,,H,
11/22/2014,Army,,,,,,,,,Fordham,,,,,,,,,H,
11/22/2014,Auburn,,,,,,,,,Samford,,,,,,,,,H,
11/22/2014,Ball State,,,,,,,,,Eastern Michigan,,,,,,,,,H,
11/22/2014,Baylor,,,,,,,,,Oklahoma State,,,,,,,,,H,
11/22/2014,Boise State,,,,,,,,,Wyoming,,,,,,,,,V,
11/22/2014,Boston College,,,,,,,,,Florida State,,,,,,,,,V,
11/22/2014,Brigham Young,,,,,,,,,Savannah State,,,,,,,,,H,
11/22/2014,California,,,,,,,,,Stanford,,,,,,,,,H,
11/22/2014,Central Michigan,,,,,,,,,Western Michigan,,,,,,,,,H,
11/22/2014,Cincinnati,,,,,,,,,Connecticut,,,,,,,,,V,
11/22/2014,Clemson,,,,,,,,,Georgia State,,,,,,,,,H,
11/22/2014,Colorado,,,,,,,,,Oregon,,,,,,,,,V,
11/22/2014,Colorado State,,,,,,,,,New Mexico,,,,,,,,,H,
11/22/2014,Connecticut,,,,,,,,,Cincinnati,,,,,,,,,H,
11/22/2014,East Carolina,,,,,,,,,Tulane,,,,,,,,,H,
11/22/2014,Eastern Michigan,,,,,,,,,Ball State,,,,,,,,,V,
11/22/2014,Florida,,,,,,,,,Eastern Kentucky,,,,,,,,,H,
11/22/2014,Florida Atlantic,,,,,,,,,Middle Tennessee,,,,,,,,,V,
11/22/2014,Florida Intl,,,,,,,,,North Texas,,,,,,,,,V,
11/22/2014,Florida State,,,,,,,,,Boston College,,,,,,,,,H,
11/22/2014,Fresno State,,,,,,,,,Nevada-Reno,,,,,,,,,V,
11/22/2014,Georgia,,,,,,,,,Charleston Southern,,,,,,,,,H,
11/22/2014,Georgia State,,,,,,,,,Clemson,,,,,,,,,V,
11/22/2014,Hawaii,,,,,,,,,Nevada-Las Vegas,,,,,,,,,H,
11/22/2014,Houston,,,,,,,,,Tulsa,,,,,,,,,H,
11/22/2014,Illinois,,,,,,,,,Penn State,,,,,,,,,H,
11/22/2014,Indiana,,,,,,,,,Ohio State,,,,,,,,,V,
11/22/2014,Iowa,,,,,,,,,Wisconsin,,,,,,,,,H,
11/22/2014,Iowa State,,,,,,,,,Texas Tech,,,,,,,,,H,
11/22/2014,Kansas,,,,,,,,,Oklahoma,,,,,,,,,V,
11/22/2014,Louisiana Tech,,,,,,,,,Old Dominion,,,,,,,,,V,
11/22/2014,Louisville,,,,,,,,,Notre Dame,,,,,,,,,V,
11/22/2014,Marshall,,,,,,,,,U-A-B,,,,,,,,,V,
11/22/2014,Maryland,,,,,,,,,Michigan,,,,,,,,,V,
11/22/2014,Memphis,,,,,,,,,South Florida,,,,,,,,,H,
11/22/2014,Miami-Florida,,,,,,,,,Virginia,,,,,,,,,V,
11/22/2014,Michigan,,,,,,,,,Maryland,,,,,,,,,H,
11/22/2014,Michigan State,,,,,,,,,Rutgers,,,,,,,,,H,
11/22/2014,Middle Tennessee,,,,,,,,,Florida Atlantic,,,,,,,,,H,
11/22/2014,Minnesota,,,,,,,,,Nebraska,,,,,,,,,V,
11/22/2014,Mississippi,,,,,,,,,Arkansas,,,,,,,,,V,
11/22/2014,Mississippi State,,,,,,,,,Vanderbilt,,,,,,,,,H,
11/22/2014,Missouri,,,,,,,,,Tennessee,,,,,,,,,V,
11/22/2014,Nebraska,,,,,,,,,Minnesota,,,,,,,,,H,
11/22/2014,Nevada-Las Vegas,,,,,,,,,Hawaii,,,,,,,,,V,
11/22/2014,Nevada-Reno,,,,,,,,,Fresno State,,,,,,,,,H,
11/22/2014,New Mexico,,,,,,,,,Colorado State,,,,,,,,,V,
11/22/2014,New Mexico State,,,,,,,,,UL-Monroe,,,,,,,,,H,
11/22/2014,North Texas,,,,,,,,,Florida Intl,,,,,,,,,H,
11/22/2014,Northwestern,,,,,,,,,Purdue,,,,,,,,,V,
11/22/2014,Notre Dame,,,,,,,,,Louisville,,,,,,,,,H,
11/22/2014,Ohio State,,,,,,,,,Indiana,,,,,,,,,H,
11/22/2014,Oklahoma,,,,,,,,,Kansas,,,,,,,,,H,
11/22/2014,Oklahoma State,,,,,,,,,Baylor,,,,,,,,,V,
11/22/2014,Old Dominion,,,,,,,,,Louisiana Tech,,,,,,,,,H,
11/22/2014,Oregon,,,,,,,,,Colorado,,,,,,,,,H,
11/22/2014,Oregon State,,,,,,,,,Washington,,,,,,,,,V,
11/22/2014,Penn State,,,,,,,,,Illinois,,,,,,,,,V,
11/22/2014,Pittsburgh,,,,,,,,,Syracuse,,,,,,,,,H,
11/22/2014,Purdue,,,,,,,,,Northwestern,,,,,,,,,H,
11/22/2014,Rutgers,,,,,,,,,Michigan State,,,,,,,,,V,
11/22/2014,S-M-U,,,,,,,,,U-C-F,,,,,,,,,V,
11/22/2014,South Alabama,,,,,,,,,South Carolina,,,,,,,,,V,
11/22/2014,South Carolina,,,,,,,,,South Alabama,,,,,,,,,H,
11/22/2014,South Florida,,,,,,,,,Memphis,,,,,,,,,V,
11/22/2014,Southern Cal,,,,,,,,,U.C.L.A.,,,,,,,,,V,
11/22/2014,Stanford,,,,,,,,,California,,,,,,,,,V,
11/22/2014,Syracuse,,,,,,,,,Pittsburgh,,,,,,,,,V,
11/22/2014,Tennessee,,,,,,,,,Missouri,,,,,,,,,H,
11/22/2014,Texas Tech,,,,,,,,,Iowa State,,,,,,,,,V,
11/22/2014,Texas-San Antonio,,,,,,,,,Western Kentucky,,,,,,,,,V,
11/22/2014,Tulane,,,,,,,,,East Carolina,,,,,,,,,V,
11/22/2014,Tulsa,,,,,,,,,Houston,,,,,,,,,V,
11/22/2014,U-A-B,,,,,,,,,Marshall,,,,,,,,,H,
11/22/2014,U-C-F,,,,,,,,,S-M-U,,,,,,,,,H,
11/22/2014,U.C.L.A.,,,,,,,,,Southern Cal,,,,,,,,,H,
11/22/2014,UL-Lafayette,,,,,,,,,Appalachian State,,,,,,,,,H,
11/22/2014,UL-Monroe,,,,,,,,,New Mexico State,,,,,,,,,V,
11/22/2014,Utah,,,,,,,,,Arizona,,,,,,,,,H,
11/22/2014,Vanderbilt,,,,,,,,,Mississippi State,,,,,,,,,V,
11/22/2014,Virginia,,,,,,,,,Miami-Florida,,,,,,,,,H,
11/22/2014,Virginia Tech,,,,,,,,,Wake Forest,,,,,,,,,V,
11/22/2014,Wake Forest,,,,,,,,,Virginia Tech,,,,,,,,,H,
11/22/2014,Washington,,,,,,,,,Oregon State,,,,,,,,,H,
11/22/2014,Washington State,,,,,,,,,Arizona State,,,,,,,,,V,
11/22/2014,Western Kentucky,,,,,,,,,Texas-San Antonio,,,,,,,,,H,
11/22/2014,Western Michigan,,,,,,,,,Central Michigan,,,,,,,,,V,
11/22/2014,Wisconsin,,,,,,,,,Iowa,,,,,,,,,V,
11/22/2014,Wyoming,,,,,,,,,Boise State,,,,,,,,,H,
11/25/2014,Akron,,,,,,,,,Kent State,,,,,,,,,V,
11/25/2014,Kent State,,,,,,,,,Akron,,,,,,,,,H,
11/25/2014,Miami-Ohio,,,,,,,,,Ohio,,,,,,,,,H,
11/25/2014,Ohio,,,,,,,,,Miami-Ohio,,,,,,,,,V,
11/27/2014,Louisiana State,,,,,,,,,Texas A+M,,,,,,,,,V,
11/27/2014,Texas,,,,,,,,,Texas Christian,,,,,,,,,H,
11/27/2014,Texas A+M,,,,,,,,,Louisiana State,,,,,,,,,H,
11/27/2014,Texas Christian,,,,,,,,,Texas,,,,,,,,,V,
11/28/2014,Air Force,,,,,,,,,Colorado State,,,,,,,,,H,
11/28/2014,Arizona,,,,,,,,,Arizona State,,,,,,,,,H,
11/28/2014,Arizona State,,,,,,,,,Arizona,,,,,,,,,V,
11/28/2014,Arkansas,,,,,,,,,Missouri,,,,,,,,,V,
11/28/2014,Ball State,,,,,,,,,Bowling Green,,,,,,,,,V,
11/28/2014,Bowling Green,,,,,,,,,Ball State,,,,,,,,,H,
11/28/2014,Buffalo,,,,,,,,,Massachusetts,,,,,,,,,V,
11/28/2014,Colorado State,,,,,,,,,Air Force,,,,,,,,,V,
11/28/2014,East Carolina,,,,,,,,,Tulsa,,,,,,,,,V,
11/28/2014,Eastern Michigan,,,,,,,,,Toledo,,,,,,,,,H,
11/28/2014,Houston,,,,,,,,,S-M-U,,,,,,,,,V,
11/28/2014,Marshall,,,,,,,,,Western Kentucky,,,,,,,,,H,
11/28/2014,Massachusetts,,,,,,,,,Buffalo,,,,,,,,,H,
11/28/2014,Missouri,,,,,,,,,Arkansas,,,,,,,,,H,
11/28/2014,Navy,,,,,,,,,South Alabama,,,,,,,,,V,
11/28/2014,Northern Illinois,,,,,,,,,Western Michigan,,,,,,,,,V,
11/28/2014,S-M-U,,,,,,,,,Houston,,,,,,,,,H,
11/28/2014,South Alabama,,,,,,,,,Navy,,,,,,,,,H,
11/28/2014,South Florida,,,,,,,,,U-C-F,,,,,,,,,H,
11/28/2014,Stanford,,,,,,,,,U.C.L.A.,,,,,,,,,V,
11/28/2014,Toledo,,,,,,,,,Eastern Michigan,,,,,,,,,V,
11/28/2014,Tulsa,,,,,,,,,East Carolina,,,,,,,,,H,
11/28/2014,U-C-F,,,,,,,,,South Florida,,,,,,,,,V,
11/28/2014,U.C.L.A.,,,,,,,,,Stanford,,,,,,,,,H,
11/28/2014,Virginia,,,,,,,,,Virginia Tech,,,,,,,,,V,
11/28/2014,Virginia Tech,,,,,,,,,Virginia,,,,,,,,,H,
11/28/2014,Western Kentucky,,,,,,,,,Marshall,,,,,,,,,V,
11/28/2014,Western Michigan,,,,,,,,,Northern Illinois,,,,,,,,,H,
11/29/2014,Alabama,,,,,,,,,Auburn,,,,,,,,,H,
11/29/2014,Appalachian State,,,,,,,,,Idaho,,,,,,,,,H,
11/29/2014,Arkansas State,,,,,,,,,New Mexico State,,,,,,,,,H,
11/29/2014,Auburn,,,,,,,,,Alabama,,,,,,,,,V,
11/29/2014,Baylor,,,,,,,,,Texas Tech,,,,,,,,,H,
11/29/2014,Boise State,,,,,,,,,Utah State,,,,,,,,,H,
11/29/2014,Boston College,,,,,,,,,Syracuse,,,,,,,,,H,
11/29/2014,Brigham Young,,,,,,,,,California,,,,,,,,,V,
11/29/2014,California,,,,,,,,,Brigham Young,,,,,,,,,H,
11/29/2014,Cincinnati,,,,,,,,,Temple,,,,,,,,,V,
11/29/2014,Clemson,,,,,,,,,South Carolina,,,,,,,,,H,
11/29/2014,Colorado,,,,,,,,,Utah,,,,,,,,,H,
11/29/2014,Connecticut,,,,,,,,,Memphis,,,,,,,,,V,
11/29/2014,Duke,,,,,,,,,Wake Forest,,,,,,,,,H,
11/29/2014,Florida,,,,,,,,,Florida State,,,,,,,,,V,
11/29/2014,Florida Atlantic,,,,,,,,,Old Dominion,,,,,,,,,H,
11/29/2014,Florida State,,,,,,,,,Florida,,,,,,,,,H,
11/29/2014,Fresno State,,,,,,,,,Hawaii,,,,,,,,,H,
11/29/2014,Georgia,,,,,,,,,Georgia Tech,,,,,,,,,H,
11/29/2014,Georgia Southern,,,,,,,,,UL-Monroe,,,,,,,,,H,
11/29/2014,Georgia State,,,,,,,,,Texas State,,,,,,,,,H,
11/29/2014,Georgia Tech,,,,,,,,,Georgia,,,,,,,,,V,
11/29/2014,Hawaii,,,,,,,,,Fresno State,,,,,,,,,V,
11/29/2014,Idaho,,,,,,,,,Appalachian State,,,,,,,,,V,
11/29/2014,Illinois,,,,,,,,,Northwestern,,,,,,,,,V,
11/29/2014,Indiana,,,,,,,,,Purdue,,,,,,,,,H,
11/29/2014,Iowa,,,,,,,,,Nebraska,,,,,,,,,H,
11/29/2014,Iowa State,,,,,,,,,West Virginia,,,,,,,,,H,
11/29/2014,Kansas,,,,,,,,,Kansas State,,,,,,,,,V,
11/29/2014,Kansas State,,,,,,,,,Kansas,,,,,,,,,H,
11/29/2014,Kentucky,,,,,,,,,Louisville,,,,,,,,,V,
11/29/2014,Louisiana Tech,,,,,,,,,Rice,,,,,,,,,H,
11/29/2014,Louisville,,,,,,,,,Kentucky,,,,,,,,,H,
11/29/2014,Maryland,,,,,,,,,Rutgers,,,,,,,,,H,
11/29/2014,Memphis,,,,,,,,,Connecticut,,,,,,,,,H,
11/29/2014,Miami-Florida,,,,,,,,,Pittsburgh,,,,,,,,,H,
11/29/2014,Michigan,,,,,,,,,Ohio State,,,,,,,,,V,
11/29/2014,Michigan State,,,,,,,,,Penn State,,,,,,,,,V,
11/29/2014,Middle Tennessee,,,,,,,,,UTEP,,,,,,,,,V,
11/29/2014,Minnesota,,,,,,,,,Wisconsin,,,,,,,,,V,
11/29/2014,Mississippi,,,,,,,,,Mississippi State,,,,,,,,,H,
11/29/2014,Mississippi State,,,,,,,,,Mississippi,,,,,,,,,V,
11/29/2014,Nebraska,,,,,,,,,Iowa,,,,,,,,,V,
11/29/2014,Nevada-Las Vegas,,,,,,,,,Nevada-Reno,,,,,,,,,H,
11/29/2014,Nevada-Reno,,,,,,,,,Nevada-Las Vegas,,,,,,,,,V,
11/29/2014,New Mexico,,,,,,,,,Wyoming,,,,,,,,,H,
11/29/2014,New Mexico State,,,,,,,,,Arkansas State,,,,,,,,,V,
11/29/2014,No Carolina State,,,,,,,,,North Carolina,,,,,,,,,V,
11/29/2014,North Carolina,,,,,,,,,No Carolina State,,,,,,,,,H,
11/29/2014,North Texas,,,,,,,,,Texas-San Antonio,,,,,,,,,V,
11/29/2014,Northwestern,,,,,,,,,Illinois,,,,,,,,,H,
11/29/2014,Notre Dame,,,,,,,,,Southern Cal,,,,,,,,,V,
11/29/2014,Ohio State,,,,,,,,,Michigan,,,,,,,,,H,
11/29/2014,Old Dominion,,,,,,,,,Florida Atlantic,,,,,,,,,V,
11/29/2014,Oregon,,,,,,,,,Oregon State,,,,,,,,,V,
11/29/2014,Oregon State,,,,,,,,,Oregon,,,,,,,,,H,
11/29/2014,Penn State,,,,,,,,,Michigan State,,,,,,,,,H,
11/29/2014,Pittsburgh,,,,,,,,,Miami-Florida,,,,,,,,,V,
11/29/2014,Purdue,,,,,,,,,Indiana,,,,,,,,,V,
11/29/2014,Rice,,,,,,,,,Louisiana Tech,,,,,,,,,V,
11/29/2014,Rutgers,,,,,,,,,Maryland,,,,,,,,,V,
11/29/2014,San Diego State,,,,,,,,,San Jose State,,,,,,,,,H,
11/29/2014,San Jose State,,,,,,,,,San Diego State,,,,,,,,,V,
11/29/2014,South Carolina,,,,,,,,,Clemson,,,,,,,,,V,
11/29/2014,Southern Cal,,,,,,,,,Notre Dame,,,,,,,,,H,
11/29/2014,Southern Miss,,,,,,,,,U-A-B,,,,,,,,,H,
11/29/2014,Syracuse,,,,,,,,,Boston College,,,,,,,,,V,
11/29/2014,Temple,,,,,,,,,Cincinnati,,,,,,,,,H,
11/29/2014,Tennessee,,,,,,,,,Vanderbilt,,,,,,,,,V,
11/29/2014,Texas State,,,,,,,,,Georgia State,,,,,,,,,V,
11/29/2014,Texas Tech,,,,,,,,,Baylor,,,,,,,,,V,
11/29/2014,Texas-San Antonio,,,,,,,,,North Texas,,,,,,,,,H,
11/29/2014,Troy,,,,,,,,,UL-Lafayette,,,,,,,,,H,
11/29/2014,U-A-B,,,,,,,,,Southern Miss,,,,,,,,,V,
11/29/2014,UL-Lafayette,,,,,,,,,Troy,,,,,,,,,V,
11/29/2014,UL-Monroe,,,,,,,,,Georgia Southern,,,,,,,,,V,
11/29/2014,UTEP,,,,,,,,,Middle Tennessee,,,,,,,,,H,
11/29/2014,Utah,,,,,,,,,Colorado,,,,,,,,,V,
11/29/2014,Utah State,,,,,,,,,Boise State,,,,,,,,,V,
11/29/2014,Vanderbilt,,,,,,,,,Tennessee,,,,,,,,,H,
11/29/2014,Wake Forest,,,,,,,,,Duke,,,,,,,,,V,
11/29/2014,Washington,,,,,,,,,Washington State,,,,,,,,,V,
11/29/2014,Washington State,,,,,,,,,Washington,,,,,,,,,H,
11/29/2014,West Virginia,,,,,,,,,Iowa State,,,,,,,,,V,
11/29/2014,Wisconsin,,,,,,,,,Minnesota,,,,,,,,,H,
11/29/2014,Wyoming,,,,,,,,,New Mexico,,,,,,,,,V,
12/04/2014,East Carolina,,,,,,,,,U-C-F,,,,,,,,,H,
12/04/2014,U-C-F,,,,,,,,,East Carolina,,,,,,,,,V,
12/06/2014,Baylor,,,,,,,,,Kansas State,,,,,,,,,H,
12/06/2014,Cincinnati,,,,,,,,,Houston,,,,,,,,,H,
12/06/2014,Connecticut,,,,,,,,,S-M-U,,,,,,,,,H,
12/06/2014,Houston,,,,,,,,,Cincinnati,,,,,,,,,V,
12/06/2014,Iowa State,,,,,,,,,Texas Christian,,,,,,,,,V,
12/06/2014,Kansas State,,,,,,,,,Baylor,,,,,,,,,V,
12/06/2014,Oklahoma,,,,,,,,,Oklahoma State,,,,,,,,,H,
12/06/2014,Oklahoma State,,,,,,,,,Oklahoma,,,,,,,,,V,
12/06/2014,S-M-U,,,,,,,,,Connecticut,,,,,,,,,V,
12/06/2014,Temple,,,,,,,,,Tulane,,,,,,,,,V,
12/06/2014,Texas Christian,,,,,,,,,Iowa State,,,,,,,,,H,
12/06/2014,Tulane,,,,,,,,,Temple,,,,,,,,,H,
12/13/2014,Army,,,,,,,,,Navy,,,,,,,,,H,
12/13/2014,Navy,,,,,,,,,Army,,,,,,,,,V,
